uf,capital,2022,p5,mediana,p95,P(PT>50%)
BA,SALVADOR,66.9891,42.74761112697491,63.83012680430088,80.6833195992991,86.11999999999999
PI,TERESINA,62.3653,37.782028406199466,59.07552882758327,77.432328826629,75.67
MA,SÃO LUÍS,56.5011,32.394453484070226,53.063845556991105,72.7096865019037,59.61
PE,RECIFE,54.0347,30.00377323796129,50.50696577778071,70.97376677025638,51.455
CE,FORTALEZA,53.1964,29.474127009133593,49.62611308349402,70.11801735222053,48.809999999999995
SE,ARACAJU,52.5631,28.70467486802495,48.87507824077629,69.5254574555472,46.925
RN,NATAL,50.1478,26.95301218110253,46.590852715441265,67.57531633934259,39.92
RS,PORTO ALEGRE,49.8257,26.09678310227091,46.426594598682,67.37936845955312,39.395
SP,SÃO PAULO,47.5364,26.333607748960752,43.989286920381446,62.95508774133689,30.54
PB,JOÃO PESSOA,47.3794,24.708785818437708,43.837025253438064,65.04818881944708,31.735000000000003
PA,BELÉM,45.7381,22.940729248176275,42.32378361133323,64.1231826935883,28.749999999999996
RJ,RIO DE JANEIRO,43.469,22.898050295795123,40.009490828409476,60.23088751337104,20.895
MG,BELO HORIZONTE,42.5278,22.108177038459853,39.050309792808214,58.98124680773047,18.029999999999998
SC,FLORIANÓPOLIS,42.4321,20.683684917557656,38.92826553160953,60.96688790105985,20.43
ES,VITÓRIA,41.9202,21.408841046648952,38.58534514319025,59.095151721825346,18.035
AP,MACAPÁ,40.8825,19.340793034697075,37.594881520539026,59.94502644714827,17.43
AL,MACEIÓ,40.4305,19.81422243655836,37.13991258830413,58.74509634332226,15.845
TO,PALMAS,38.0606,17.59943023811912,34.89801031098837,57.2102065799226,12.845
AM,MANAUS,37.0186,17.039645243011172,33.908058878742395,56.09991445272179,11.445
DF,BRASÍLIA,36.8514,20.100112570260915,33.37279769756506,50.366129952878126,5.4399999999999995
MT,CUIABÁ,36.4811,16.70081453438574,33.14964504095347,55.22392728290983,10.424999999999999
MS,CAMPO GRANDE,34.572,15.406708152399487,31.385756397875795,53.167372256453916,8.045
RO,PORTO VELHO,34.2122,15.31741837199069,31.192167213087124,52.70237802746405,7.335
GO,GOIÂNIA,33.0772,14.680951853847796,30.0164976524249,51.48742044925913,6.13
PR,CURITIBA,31.4214,14.061850398696823,28.447122943335163,49.1230731040217,4.34
AC,RIO BRANCO,26.3027,11.095928791098421,23.649011867859258,43.28892395991925,1.6
RR,BOA VISTA,19.1154,7.675941346734428,17.13937293699691,33.97104796103969,0.22999999999999998
