uf,2022,p5,mediana,p95,P(PT>50%)
PI,74.2525,56.66209713374191,71.73195266597476,83.21847174284137,98.855
BA,69.7266,51.536636596624916,66.90771204415543,79.71693705091326,96.43
MA,68.8445,50.31930295922614,66.1115372646415,79.14494246701514,95.32000000000001
CE,65.9087,46.85015978016341,63.01827758835289,76.70370820854305,90.88000000000001
PE,65.2663,46.368706719619155,62.31128991220933,76.16941935361595,89.56
PB,64.206,44.55365611417653,61.05275848152656,75.42119142798653,86.76
SE,63.8244,44.1146457128476,60.77790256617306,75.22786803096541,85.83
RN,62.9802,43.367788461015124,59.88756650958511,74.51429904248641,83.89
AL,56.4985,37.24430251409297,53.35096370731009,69.00554952441954,62.86000000000001
PA,52.2172,32.13210614235735,48.96264279112834,66.12393823870549,46.23
TO,50.3953,30.203140327289685,47.24531317101051,64.67828805921172,40.165
AM,49.5792,29.927235977638063,46.3749348859564,64.00671033117716,37.455
MG,48.2878,31.302749992179606,44.97761087937976,59.38305100070128,28.59
ZZ,47.1719,27.127111227481244,43.9287402530383,62.173438698979446,29.459999999999997
AP,45.6733,26.292888789732004,42.46548238990223,60.273328301037466,24.685000000000002
RS,42.2835,24.106532402907806,39.04691553685733,56.1475891138419,14.635000000000002
SP,40.8867,26.112451017849047,37.914135219850884,51.03372925364768,6.35
RJ,40.6818,24.8174975445388,37.587537957335215,52.40092571507995,8.094999999999999
ES,40.4005,24.138756265116896,37.334670245555394,52.62277804284825,8.52
GO,39.5147,21.848329561860652,36.188430363516176,53.95766079997224,10.23
MS,39.0396,21.335414529750032,35.94474353194828,53.65963042809781,9.235
DF,36.8514,19.971834761305303,33.74267624546805,51.28770466662802,6.325
PR,35.9917,19.809316543682463,33.00312625594333,49.56392517034288,4.64
MT,34.3889,18.406999333928958,31.400392037476323,48.68085204697173,3.8249999999999997
SC,29.5364,15.321266802445427,26.966194841257586,42.43385280616019,1.005
AC,29.2622,14.95214736330894,26.530356493771524,42.87868345565088,1.045
RO,28.9791,14.89851728235517,26.42853103544335,42.33300407162695,0.835
RR,23.0453,11.443123057541445,20.911948938209406,35.18900012379915,0.1
