uf,lula_2022,bolsonaro_2022,outros_2022,lula,flavio,outros,margem_p5,margem,margem_p95,P(Lula à frente)
PI,74.3,19.9,5.8,70.9,19.9,8.4,25.6,51.0,68.9,99.9
BA,69.7,24.3,6.0,66.5,24.2,8.6,15.7,42.3,62.6,99.4
MA,68.8,26.0,5.1,66.0,26.0,7.4,10.9,40.0,61.8,98.7
CE,65.9,25.4,8.7,61.9,24.8,12.4,10.1,37.0,58.3,98.6
PE,65.3,29.9,4.8,62.5,29.9,7.0,3.5,32.7,56.6,96.6
PB,64.2,29.6,6.2,61.0,29.4,8.9,2.3,31.6,55.4,96.1
SE,63.8,29.2,7.0,60.3,28.7,10.0,2.5,31.6,55.6,96.3
RN,63.0,31.0,6.0,59.8,30.7,8.6,-1.2,29.1,54.1,94.3
AL,56.5,36.0,7.5,53.2,35.3,10.6,-12.3,17.9,44.8,83.9
PA,52.2,40.3,7.5,49.1,39.4,10.7,-21.1,9.8,38.7,69.6
AM,49.6,42.8,7.6,46.3,41.8,10.9,-26.4,4.4,34.8,59.0
TO,50.4,44.0,5.6,47.8,43.5,8.1,-28.0,4.3,35.4,58.6
ZZ,47.2,41.6,11.2,43.2,39.9,15.7,-26.5,3.5,32.5,57.1
MG,48.3,43.6,8.1,45.3,42.4,11.5,-23.4,2.9,28.8,57.1
AP,45.7,43.4,10.9,42.0,41.4,15.3,-29.0,0.6,29.8,51.4
RS,42.3,48.9,8.8,39.4,47.1,12.6,-35.8,-7.7,21.3,33.0
SP,40.9,47.7,11.4,37.8,45.7,16.0,-30.2,-8.1,15.1,28.8
RJ,40.7,51.1,8.2,38.0,49.6,11.7,-37.2,-11.5,15.1,24.6
ES,40.4,52.2,7.4,37.9,50.7,10.5,-39.4,-12.8,16.3,23.1
GO,39.5,52.2,8.3,36.9,50.3,11.8,-41.4,-13.5,17.3,23.1
MS,39.0,52.7,8.3,36.2,51.0,11.8,-42.4,-14.8,16.3,21.4
DF,36.9,51.7,11.5,33.6,49.1,16.1,-42.1,-15.4,14.0,19.4
PR,36.0,55.3,8.8,33.2,53.3,12.5,-45.5,-20.0,9.4,13.1
MT,34.4,59.8,5.8,32.3,58.6,8.3,-52.9,-26.3,5.5,8.6
SC,29.5,62.2,8.3,27.3,60.0,11.8,-55.6,-32.7,-4.0,3.1
AC,29.3,62.5,8.2,27.2,60.1,11.8,-56.4,-32.9,-3.3,3.4
RO,29.0,64.4,6.7,27.0,62.4,9.6,-59.0,-35.4,-4.8,2.9
RR,23.0,69.6,7.4,21.5,67.0,10.6,-66.0,-45.6,-18.1,0.5
