turno,recorte,lula,flavio,margem_erro_pp,obs
1,SP,38,39,2,"Datafolha 28-30/09/2026, divulgado 02/10/2026, registro TSE BR-02676/2026, amostra 1610, base total. Fonte: Metropoles. NAO conferido no relatorio oficial/TSE."
1,RJ,38,45,3,"Datafolha 28/09-01/10/2026, divulgado 02/10/2026, registros TSE RJ-02070/2026 e BR-01272/2026, amostra 1204, base total. Fonte: Metropoles. NAO conferido no relatorio oficial/TSE."
1,DF,35,44,3,"Datafolha 28-30/09/2026, divulgado 02/10/2026, registros TSE DF-00905/2026 e BR-09530/2026, amostra 910, base total. Fonte: Metropoles. NAO conferido no relatorio oficial/TSE."
1,MG,42,36,3,"Datafolha 28/09-01/10/2026, divulgado 02/10/2026, registro TSE BR-00950/2026, amostra 1204, base total. Fonte: Metropoles. NAO conferido no relatorio oficial/TSE."
1,PE,61,25,3,"Datafolha 28/09-01/10/2026, divulgado 02/10/2026, registros TSE PE-06822/2026 e BR-02676/2026, amostra 1204, base total. Fonte: Metropoles. NAO conferido no relatorio oficial/TSE."
2,SP,45,48,2,"2o turno Lula x Flavio, mesma pesquisa da linha do 1o turno (SP)"
2,RJ,42,51,3,"2o turno Lula x Flavio, mesma pesquisa da linha do 1o turno (RJ)"
2,DF,39,51,3,"2o turno Lula x Flavio, mesma pesquisa da linha do 1o turno (DF)"
2,MG,48,44,3,"2o turno Lula x Flavio, mesma pesquisa da linha do 1o turno (MG)"
2,PE,65,29,3,"2o turno Lula x Flavio, mesma pesquisa da linha do 1o turno (PE)"
