instituto,campo_ini,campo_fim,divulgacao,amostra,registro,base,zucco,brizola,souza,maranata,outros,bn,indecisos,r2_zb_z,r2_zb_b,r2_zs_z,r2_zs_s,r2_bs_b,r2_bs_s,obs
ParanaPesquisas,2026-07-16,2026-07-19,,1500,RS-09313/2026,total,34.2,30.1,13,4.7,1.8,8.6,7.6,,,,,,,"Contratada pelo PL (segundo a materia). Sem 2o turno. Fonte: Gazeta do Povo; nao conferido no TSE."
Quaest,2026-07-24,2026-07-28,,1104,RS-04790/2026,total,22,24,6,3,2,12,31,31,35,32,20,35,20,"Fonte: Gazeta do Povo; nao conferido no TSE."
RealTimeBigData,2026-08-20,2026-08-24,,1600,RS-09640/2026,total,32,38,19,4,1,3,3,41,45,43,38,48,35,"Fonte: Gazeta do Povo; nao conferido no TSE."
AtlasIntel,2026-08-27,2026-09-01,,1783,RS-00652/2026,total,44.3,37.5,10.4,2.3,0,1.5,4,48.5,43.9,48.4,31.7,39.7,30,"Fonte: Gazeta do Povo; nao conferido no TSE."
RealTimeBigData,2026-09-05,2026-09-09,2026-09-10,1600,RS-05497/2026,total,36,35,22,3,1,2,1,44,44,45,40,45,39,"Fonte: CartaCapital. Uma busca web atribuiu erradamente esta pesquisa a Datafolha; a materia e do Real Time Big Data. Nao conferido no TSE."
ParanaPesquisas,2026-09-16,2026-09-18,2026-09-19,1352,RS-00319/2026,total,36.4,31.3,12.9,3.1,3.8,6.7,5.7,,,,,,,"Base presumida total (a materia nao especifica). Sem 2o turno. Fonte: Terra Brasil; nao conferido no TSE."
AtlasIntel,2026-09-15,2026-09-20,2026-09-23,1819,RS-00981/2026,total,41.6,36.1,13.5,0.8,0.1,1.6,6.3,49.7,39.3,42.8,39.2,38.8,34.5,"Em votos validos: Zucco 45,2; Brizola 39,1; Souza 14,7. Fonte: Band; nao conferido no TSE."
Quaest,2026-09-20,2026-09-23,,900,RS-01390/2026,total,29,23,10,3,2,8,25,40,34,42,26,34,27,"Fonte: Studio TV; nao conferido no TSE."
Neokemp,2026-09-23,2026-09-24,,1008,RS-08358/2026,total,44.9,28.8,15.7,2,0.4,3.1,5.2,,,,,,,"Sem 2o turno localizado. Fonte: Gazeta do Povo; nao conferido no TSE."
RealTimeBigData,2026-09-24,2026-09-28,2026-09-29,1600,RS-05412/2026,total,40,35,19,2,1,2,1,49,44,45,41,44,42,"Em votos validos: Zucco 41; Brizola 36; Souza 20; 2o turno Zucco x Brizola 53x47. Fontes: Gazeta do Povo e CartaCapital; nao conferido no TSE."
