instituto,metodo,campo_ini,campo_fim,divulgacao,amostra,base,t1_lula,t1_flavio,t1_caiado,t1_zema,t1_renan,t1_cury,t1_outros,t1_bnin,t2_lula,t2_flavio,t2_bnin,obs
Datafolha,presencial,2026-07-22,2026-07-23,,2004,total,40,32,4,3,3,2,3,11,48,43,10,
Datafolha,presencial,2026-08-18,2026-08-20,,2058,total,39,33,5,3,4,2,4,10,47,43,11,
Datafolha,presencial,2026-09-01,2026-09-02,2026-09-03,2002,total,38,33,4,2,3,8,3,9,46,44,,"Cenario sem Marcal. Campo 1-2/set confirmado por CNN Brasil e Gazeta do Povo (2o turno 46x44, registro TSE-03669/2026). Com Marcal: Lula 38 x Flavio 32"
Datafolha,presencial,2026-09-08,2026-09-10,,2002,total,39,35,4,2,3,6,4,10,,,,
Datafolha,presencial,2026-09-15,2026-09-16,,2002,total,39,36,4,2,3,6,2,9,,,,
Datafolha,presencial,2026-09-22,2026-09-23,2026-09-24,2002,total,40,36,4,1,3,5,1,7,47,45,,"Wikipedia lista campo 22-24/set; outras fontes 22-23/set. Divulgacao em 24/set e 2o turno 47x45 (empate tecnico) segundo CartaCapital (fonte unica, nao conferido no TSE)."
Quaest,presencial,2026-07-10,2026-07-13,,2004,total,40,28,4,2,3,1,3,19,45,37,18,
Quaest,presencial,2026-07-31,2026-08-03,,2004,total,39,30,4,2,4,1,2,18,44,39,17,
Quaest,presencial,2026-08-10,2026-08-13,,2004,total,38,31,4,2,4,2,1,18,43,40,17,
Quaest,presencial,2026-08-30,2026-09-01,2026-09-02,2004,total,37,29,1,1,3,10,1,18,42,41,,"2o turno (42x41) vem de reportagem Folhapress de 2/set; 1o turno da tabela Wikipedia (reportagem cita Flavio 30 em cenario com Marcal)"
Quaest,presencial,2026-09-03,2026-09-06,,2004,total,36,29,3,2,3,8,1,18,,,,
Quaest,presencial,2026-09-10,2026-09-13,,2004,total,36,31,4,1,4,7,0,17,,,,
Quaest,presencial,2026-09-17,2026-09-20,,2004,total,37,33,4,1,3,6,1,15,,,,
Quaest,presencial,2026-09-24,2026-09-27,2026-09-28,2004,total,39,34,4,1,3,4,0,15,42,42,,"Campo 24-27/set, amostra 2004 e 2o turno 42x42 (empate) via Poder360 de 28/set (busca web, nao conferido no TSE). BNIN = 10 brancos/nulos/nao vao votar + 5 indecisos."
AtlasIntel,online,2026-06-26,2026-06-30,,4999,total,46.3,36.6,2.9,2.0,7.8,0.5,2.7,1.2,48.8,42.3,8.9,
AtlasIntel,online,2026-07-22,2026-07-27,,5021,total,44.9,35.8,3.1,2.8,7.8,1.6,2.3,1.6,49.2,42.9,7.9,
AtlasIntel,online,2026-08-25,2026-08-30,,5014,total,43.4,33.7,3.3,1.0,7.6,7.8,4.0,0.3,47.1,42.6,10.3,
AtlasIntel,online,2026-09-04,2026-09-09,,5000,total,43.0,37.4,1.1,2.1,6.5,6.6,2.3,1.0,,,,
AtlasIntel,online,2026-09-11,2026-09-16,,5018,total,44.1,41.7,1.7,1.1,5.1,3.5,0.7,2.1,,,,
AtlasIntel,online,2026-09-17,2026-09-22,2026-09-23,5015,total,45.8,43.4,1.3,0.9,4.5,2.1,0.8,1.2,,,,
AtlasIntel,online,2026-09-23,2026-09-28,2026-09-29,5005,total,45.3,42.2,,,,,,,47.6,47.7,,"Em votos validos (Gazeta do Povo): Flavio 43.1 no 1o turno; 2o turno 50x50. Demais candidatos nao localizados"
RealTimeBigData,telefone,2026-07-18,2026-07-20,,2000,total,40,33,7,2,9,1,2,6,45,42,13,
RealTimeBigData,telefone,2026-08-27,2026-08-31,2026-09-01,2000,total,38,30,4,2,7,11,2,6,,,,"2o turno Lula x Flavio nao localizado (Lula x Renan: 44x37)"
RealTimeBigData,telefone,2026-09-19,2026-09-23,2026-09-24,2000,total,41,37,2,1,6,6,1,6,44,45,,"Fontes divergem: Gazeta do Povo 44x45; CNN diz que Lula manteve 45"
RealTimeBigData,telefone,2026-09-26,2026-09-30,2026-10-01,2000,validos,46,41,3,1,,5,1,,49,51,,"Base = votos validos (soma 97; Renan Santos nao listado). 2o turno total: Lula 45 x Flavio 46. Confirmado por CartaCapital/CNN/Terra: total 43x39, validos 46x41, registro BR-09503/2026"
