uf,lula,flavio,votos_lula,votos_flavio,fonte,obs
BR,45.16,47.03,53879538.0,56104503.0,"Wikipedia (en) e O Tempo (mapa dos votos), via WebFetch em 5/10/2026","% nos validos. Parcial/preliminar: nao conferido no TSE. O blog ao vivo da InfoMoney mostrava 47,50 x 44,61 (provavelmente parcial de apuracao) e foi descartado. Outros = 100 - Lula - Flavio = 7,81 (derivado)"
BA,66.17,,,,Resumo de busca web (O Tempo),"Gazeta do Povo traz 66,1; nao conferido no TSE"
PI,71.0,,,,Gazeta do Povo (via WebFetch),"Arredondado na fonte ('de 74,2% para 71%'); nao conferido no TSE"
MG,,48.24,,,Resumo de busca web (O Tempo),"Gazeta do Povo: Flavio abre 592,3 mil votos de vantagem (99,85% das urnas do estado); nao conferido no TSE"
RJ,,53.01,,,Resumo de busca web (O Tempo),Nao conferido no TSE
PR,,59.91,,,Resumo de busca web (O Tempo),Nao conferido no TSE
SC,,66.65,,,Gazeta do Povo (via WebFetch),Atribuicao a Flavio inferida do texto resumido; nao conferido no TSE
RS,35.73,55.64,,,"O Tempo, mapa dos votos RS (100% das secoes), via WebFetch em 6/10/2026","Lula 35,73% (2.294.759) x Flavio 55,64% (3.573.783). Substitui 55,54 (Gazeta do Povo, preliminar). Nao conferido no TSE"
TO,43.42,50.4,,,Gazeta do Povo (via WebFetch),"Fonte unica e resumida; 50,4 e igual ao % de Lula em 2022 (50,40), conferir antes de citar; nao conferido no TSE"
