cargo,partido,cadeiras,fonte,obs
DF,PL,8,"CNN Brasil e Gazeta do Povo (listas de 31 eleitos, via WebFetch em 6/10/2026)","Contagem minha a partir das listas, que concordam entre si. Uma busca web trouxe PT=4, mas as duas listas somam PT=5 e fecham 31. Nao conferido no TSE"
DF,PT,5,,
DF,PP,4,,
DF,MDB,3,,
DF,PSD,2,,
DF,PODE,2,,
DF,REPUBLICANOS,2,,
DF,PSOL,1,,
DF,PCdoB,1,,
DF,NOVO,1,,
DF,PDT,1,,
DF,UNIÃO,1,,
DE,PL,12,"CNN Brasil (lista de 55 eleitos) e busca web (mesma contagem)","Contagem confere nas duas fontes e fecha 55. Nao conferido no ALRS/TSE"
DE,PT,9,,
DE,PP,7,,
DE,MDB,5,,
DE,PSD,5,,
DE,REPUBLICANOS,4,,
DE,PDT,4,,
DE,PSOL,3,,
DE,PODE,2,,
DE,UNIÃO,1,,
DE,NOVO,1,,
DE,PCdoB,1,,
DE,PSDB,1,,
