municipio,lider_governador,pct_governador,lider_presidente,pct_presidente,fonte,obs
Porto Alegre,Juliana Brizola (PDT),45.8,Lula (PT),48.6,"Resumo de pagina do O Tempo (mapa dos votos RS)","Percentual do LIDER em cada disputa; resumo automatico de pagina grande, nao conferido no TSE"
Caxias do Sul,Zucco (PL),67.4,Flavio Bolsonaro (PL),62.7,"idem",
Canoas,Zucco (PL),55.7,Flavio Bolsonaro (PL),51.3,"idem",
Pelotas,Zucco (PL),47.1,Lula (PT),47.1,"idem","47,1 nas duas colunas parece coincidencia: conferir antes de citar"
Santa Maria,Zucco (PL),52.1,Flavio Bolsonaro (PL),49.5,"idem",
Gravatai,Zucco (PL),59.6,Flavio Bolsonaro (PL),55.9,"idem",
Viamao,Zucco (PL),48.2,Lula (PT),46.3,"idem",
Novo Hamburgo,Zucco (PL),68.1,Flavio Bolsonaro (PL),63.9,"idem",
Sao Leopoldo,Zucco (PL),57.5,Flavio Bolsonaro (PL),52.8,"idem",
Rio Grande,Juliana Brizola (PDT),52.0,Lula (PT),56.2,"O Tempo (materia 'Juliana Brizola teve 52,0%'): Brizola 48.271 votos (52,02%) x Zucco 35.838 (38,62%)","Zucco venceu em 475 dos 497 municipios; Brizola em 22 (Rio Grande e a 6a maior votacao dela, 2,52% dos votos dela)"
