cargo,nome,votos_2022,partido_2022,partido_atual,fonte,acesso
DF,Mauricio Marcon,140634,PODE,PL,API da Câmara (dados abertos),2026-10-02
DF,Fernanda Melchionna,199894,PSOL,PSOL,API da Câmara (dados abertos),2026-10-02
DF,Heitor Schuch,77616,PSB,PSD,API da Câmara (dados abertos),2026-10-02
DF,Marcel Van Hattem,256913,NOVO,NOVO,API da Câmara (dados abertos),2026-10-02
DF,Tenente Coronel Zucco,259023,REPUBLICANOS,PL,API da Câmara (dados abertos),2026-10-02
DF,Franciane Bayer,40555,REPUBLICANOS,REPUBLICANOS,API da Câmara (dados abertos),2026-10-02
DF,Carlos Gomes,102363,REPUBLICANOS,REPUBLICANOS,API da Câmara (dados abertos),2026-10-02
DF,Busato,57610,UNIÃO,UNIÃO,API da Câmara (dados abertos),2026-10-02
DF,Daiana Santos,88107,PCdoB,PCdoB,API da Câmara (dados abertos),2026-10-02
DF,Denise Pessôa,44241,PT,PT,API da Câmara (dados abertos),2026-10-02
DF,Marcon,129352,PT,PT,API da Câmara (dados abertos),2026-10-02
DF,Bohn Gass,131881,PT,PT,API da Câmara (dados abertos),2026-10-02
DF,Maria Do Rosário,151050,PT,PT,API da Câmara (dados abertos),2026-10-02
DF,Alexandre Lindenmeyer,93768,PT,PT,API da Câmara (dados abertos),2026-10-02
DF,Paulo Pimenta,223109,PT,PT,API da Câmara (dados abertos),2026-10-02
DF,Danrlei De Deus Goleiro,97824,PSD,PSD,API da Câmara (dados abertos),2026-10-02
DF,Any Ortiz,119039,CIDADANIA,PP,API da Câmara (dados abertos),2026-10-02
DF,Lucas Redecker,119069,PSDB,PSD,API da Câmara (dados abertos),2026-10-02
DF,Daniel Trzeciak  Daniel Da Tv ,77232,PSDB,PSDB,API da Câmara (dados abertos),2026-10-02
DF,Afonso Motta,70307,PDT,PDT,API da Câmara (dados abertos),2026-10-02
DF,Pompeo De Mattos,100113,PDT,PDT,API da Câmara (dados abertos),2026-10-02
DF,Pedro Westphalen,114258,PP,PP,API da Câmara (dados abertos),2026-10-02
DF,Afonso Hamm,109123,PP,PP,API da Câmara (dados abertos),2026-10-02
DF,Covatti Filho,112910,PP,PP,API da Câmara (dados abertos),2026-10-02
DF,Alceu Moreira,125647,MDB,MDB,API da Câmara (dados abertos),2026-10-02
DF,Osmar Terra,103245,MDB,PL,API da Câmara (dados abertos),2026-10-02
DF,Marcio Biolchi,99627,MDB,MDB,API da Câmara (dados abertos),2026-10-02
DF,Marcelo Moraes,84247,PL,PL,API da Câmara (dados abertos),2026-10-02
DF,Sanderson,86690,PL,PL,API da Câmara (dados abertos),2026-10-02
DF,Bibo Nunes,76521,PL,PL,API da Câmara (dados abertos),2026-10-02
DF,Giovani Cherini,162036,PL,PL,API da Câmara (dados abertos),2026-10-02
DE,Santini,28294,PODE,PODE,"Wikipédia (56ª legislatura), não conferida com a ALRS",2026-10-02
DE,Professor Claudio,33709,PODE,PL,"Wikipédia (56ª legislatura), não conferida com a ALRS",2026-10-02
DE,Felipe Camozzato,39517,NOVO,NOVO,"Wikipédia (56ª legislatura), não conferida com a ALRS",2026-10-02
DE,Luciana Genro,111126,PSOL,PSOL,"Wikipédia (56ª legislatura), não conferida com a ALRS",2026-10-02
DE,Matheus Gomes,82401,PSOL,PSOL,"Wikipédia (56ª legislatura), não conferida com a ALRS",2026-10-02
DE,Eliana Bayer,35288,REPUBLICANOS,REPUBLICANOS,"Wikipédia (56ª legislatura), não conferida com a ALRS",2026-10-02
DE,Delegado Zucco,59648,REPUBLICANOS,REPUBLICANOS,"Wikipédia (56ª legislatura), não conferida com a ALRS",2026-10-02
DE,Capitão Martim,29040,REPUBLICANOS,REPUBLICANOS,"Wikipédia (56ª legislatura), não conferida com a ALRS",2026-10-02
DE,Sergio Peres,74685,REPUBLICANOS,REPUBLICANOS,"Wikipédia (56ª legislatura), não conferida com a ALRS",2026-10-02
DE,Gustavo Victorino,112920,REPUBLICANOS,REPUBLICANOS,"Wikipédia (56ª legislatura), não conferida com a ALRS",2026-10-02
DE,Dr Thiago,27814,UNIÃO,PDT,"Wikipédia (56ª legislatura), não conferida com a ALRS",2026-10-02
DE,Dirceu Franciscon,61797,UNIÃO,UNIÃO,"Wikipédia (56ª legislatura), não conferida com a ALRS",2026-10-02
DE,Classmann,29671,UNIÃO,PSD,"Wikipédia (56ª legislatura), não conferida com a ALRS",2026-10-02
DE,Elton Weber,35465,PSB,PSD,"Wikipédia (56ª legislatura), não conferida com a ALRS",2026-10-02
DE,Sofia Cavedon,39039,PT,PT,"Wikipédia (56ª legislatura), não conferida com a ALRS",2026-10-02
DE,Stela Farias,37957,PT,PT,"Wikipédia (56ª legislatura), não conferida com a ALRS",2026-10-02
DE,Adão Pretto,66457,PT,PT,"Wikipédia (56ª legislatura), não conferida com a ALRS",2026-10-02
DE,Valdeci Oliveira,70580,PT,PT,"Wikipédia (56ª legislatura), não conferida com a ALRS",2026-10-02
DE,Bruna Rodrigues,51865,PCdoB,PSB,"Wikipédia (56ª legislatura), não conferida com a ALRS",2026-10-02
DE,Pepe Vargas,69949,PT,PT,"Wikipédia (56ª legislatura), não conferida com a ALRS",2026-10-02
DE,Jeferson Fernandes,60280,PT,PT,"Wikipédia (56ª legislatura), não conferida com a ALRS",2026-10-02
DE,Zé Nunes,44035,PT,PT,"Wikipédia (56ª legislatura), não conferida com a ALRS",2026-10-02
DE,Laura Sito,36705,PT,PT,"Wikipédia (56ª legislatura), não conferida com a ALRS",2026-10-02
DE,Leonel Radde,44300,PT,PT,"Wikipédia (56ª legislatura), não conferida com a ALRS",2026-10-02
DE,Mainardi,56859,PT,PT,"Wikipédia (56ª legislatura), não conferida com a ALRS",2026-10-02
DE,Miguel Rossetto,37790,PT,PT,"Wikipédia (56ª legislatura), não conferida com a ALRS",2026-10-02
DE,Professor Bonatto,48409,PSDB,PSD,"Wikipédia (56ª legislatura), não conferida com a ALRS",2026-10-02
DE, Delegada Nadine,40937,PSDB,PSD,"Wikipédia (56ª legislatura), não conferida com a ALRS",2026-10-02
DE,Kaká D Ávila,26766,PSDB,PODE,"Wikipédia (56ª legislatura), não conferida com a ALRS",2026-10-02
DE,Neri O Carteiro,32378,PSDB,PSD,"Wikipédia (56ª legislatura), não conferida com a ALRS",2026-10-02
DE,Pedro Pereira ,31255,PSDB,PSD,"Wikipédia (56ª legislatura), não conferida com a ALRS",2026-10-02
DE,Sossella,24946,PDT,PDT,"Wikipédia (56ª legislatura), não conferida com a ALRS",2026-10-02
DE,Eduardo Loureiro,50667,PDT,PDT,"Wikipédia (56ª legislatura), não conferida com a ALRS",2026-10-02
DE,Gerson Burmann,27109,PDT,PDT,"Wikipédia (56ª legislatura), não conferida com a ALRS",2026-10-02
DE,Luiz Marenco,27624,PDT,PDT,"Wikipédia (56ª legislatura), não conferida com a ALRS",2026-10-02
DE,Adolfo Brito,28115,PP,PP,"Wikipédia (56ª legislatura), não conferida com a ALRS",2026-10-02
DE,Ernani Polo,67515,PP,PSD,"Wikipédia (56ª legislatura), não conferida com a ALRS",2026-10-02
DE,Frederico Antunes,36325,PP,PSD,"Wikipédia (56ª legislatura), não conferida com a ALRS",2026-10-02
DE,Guilherme Pasin,57922,PP,PP,"Wikipédia (56ª legislatura), não conferida com a ALRS",2026-10-02
DE,Silvana Covatti,82717,PP,PP,"Wikipédia (56ª legislatura), não conferida com a ALRS",2026-10-02
DE,Marcus Vinícius,30894,PP,PP,"Wikipédia (56ª legislatura), não conferida com a ALRS",2026-10-02
DE,Joel De Igrejinha,39225,PP,PP,"Wikipédia (56ª legislatura), não conferida com a ALRS",2026-10-02
DE,Edivilson Brum,34358,MDB,MDB,"Wikipédia (56ª legislatura), não conferida com a ALRS",2026-10-02
DE,Vilmar Zanchin,44367,MDB,MDB,"Wikipédia (56ª legislatura), não conferida com a ALRS",2026-10-02
DE,Costella,66971,MDB,MDB,"Wikipédia (56ª legislatura), não conferida com a ALRS",2026-10-02
DE,Luciano Silveira,36770,MDB,MDB,"Wikipédia (56ª legislatura), não conferida com a ALRS",2026-10-02
DE,Patricia Alba,44871,MDB,MDB,"Wikipédia (56ª legislatura), não conferida com a ALRS",2026-10-02
DE,Beto Fantinel,49771,MDB,MDB,"Wikipédia (56ª legislatura), não conferida com a ALRS",2026-10-02
DE,Paparico Bacchi,59646,PL,PL,"Wikipédia (56ª legislatura), não conferida com a ALRS",2026-10-02
DE,Rodrigo Lorenzoni,85692,PL,PP,"Wikipédia (56ª legislatura), não conferida com a ALRS",2026-10-02
DE,Kelly Moraes,62621,PL,PL,"Wikipédia (56ª legislatura), não conferida com a ALRS",2026-10-02
DE,Adriana Lara,28309,PL,PL,"Wikipédia (56ª legislatura), não conferida com a ALRS",2026-10-02
DE,Claudio Tatsch,25979,PL,PL,"Wikipédia (56ª legislatura), não conferida com a ALRS",2026-10-02
DE,Elizandro Sabino,31937,PTB,REPUBLICANOS,"Wikipédia (56ª legislatura), não conferida com a ALRS",2026-10-02
DE,Gaúcho Da Geral,32717,PSD,PP,"Wikipédia (56ª legislatura), não conferida com a ALRS",2026-10-02
