ano,turno,uf,votos_pt,votos_antipt,votos_outros,validos,aptos,comparecimento,brancos,nulos,pct_pt_validos,pct_antipt_validos,pct_outros_validos,pct_pt_dois
2002,1,AC,123999,50250,90640,264889,369786,290431,3968,21574,46.8117,18.9702,34.2181,71.162
2002,1,AL,307751,314739,453696,1076186,1600092,1261495,47296,138013,28.5965,29.2458,42.1578,49.4387
2002,1,AM,530246,166145,414651,1111042,1524727,1192308,16124,65142,47.7251,14.954,37.3209,76.142
2002,1,AP,116507,20537,96229,233273,290101,247842,2017,12552,49.9445,8.8038,41.2517,85.0143
2002,1,BA,2899280,884291,1461476,5245047,8568602,6399829,216749,938033,55.2765,16.8595,27.8639,76.6281
2002,1,CE,1353339,293425,1791610,3438374,4805259,3860135,102111,319650,39.3599,8.5338,52.1063,82.1817
2002,1,DF,592977,202410,413028,1208415,1518437,1284103,17517,56652,49.0706,16.75,34.1793,74.552
2002,1,ES,717646,334697,559653,1611996,2146425,1768049,50398,105655,44.5191,20.7629,34.718,68.1951
2002,1,GO,1069398,709025,761860,2540283,3365848,2792801,62565,189953,42.0976,27.9113,29.9911,60.1318
2002,1,MA,843132,248621,970639,2062392,3391814,2579150,89385,426476,40.8813,12.055,47.0637,77.2274
2002,1,MG,4990085,2151597,2271449,9413131,12680584,10514082,369632,731319,53.012,22.8574,24.1306,69.8727
2002,1,MS,446438,308905,320765,1076108,1411773,1157516,23218,58190,41.4864,28.7058,29.8079,59.104
2002,1,MT,509151,372068,371525,1252744,1730022,1346646,28875,65027,40.6429,29.7002,29.6569,57.778
2002,1,PA,1070416,673488,788237,2532141,3569333,2776995,53119,191518,42.2732,26.5976,31.1293,61.3804
2002,1,PB,754329,466346,358525,1579200,2322068,1905508,83551,242757,47.7665,29.5305,22.703,61.7961
2002,1,PE,1657476,1015496,896350,3569322,5396667,4246228,222637,454269,46.4367,28.4507,25.1126,62.0087
2002,1,PI,616157,358986,340142,1315285,1848292,1556642,40385,200972,46.8459,27.2934,25.8607,63.1863
2002,1,PR,2540328,1367384,1159517,5067229,6663381,5585348,156028,362091,50.1325,26.9848,22.8827,65.0081
2002,1,RJ,3284258,721081,4170666,8176005,10213518,8713783,160845,376933,40.1695,8.8195,51.0111,81.997
2002,1,RN,581544,296856,453010,1331410,1917382,1579867,59322,189135,43.6788,22.2964,34.0248,66.2049
2002,1,RO,283279,128000,217692,628971,882545,693456,14473,50012,45.0385,20.3507,34.6108,68.8776
2002,1,RR,71952,19195,68870,160017,208524,175211,1944,13250,44.9652,11.9956,43.0392,78.9406
2002,1,RS,2667451,1913186,1323123,5903760,7352139,6396989,204935,288294,45.1822,32.4062,22.4115,58.2332
2002,1,SC,1719739,707239,611479,3038457,3817974,3301569,80032,183080,56.5991,23.2763,20.1247,70.8593
2002,1,SE,357557,160348,289726,807631,1147933,949189,37003,104555,44.2723,19.8541,35.8736,69.0391
2002,1,SP,9106914,5633365,5009124,19749403,25655553,21568214,717220,1101591,46.1124,28.5242,25.3634,61.7825
2002,1,TO,225291,177547,119829,522667,785397,623579,11637,89275,43.1041,33.9694,22.9265,55.926
2002,1,ZZ,18593,10218,8323,37134,69640,38618,767,717,50.07,27.5166,22.4134,64.5344
2002,2,AC,140363,93803,0,234166,369786,244236,2523,7547,59.9417,40.0583,0.0,59.9417
2002,2,AL,477009,616902,0,1093911,1600092,1161874,20244,47719,43.6058,56.3942,0.0,43.6058
2002,2,AM,722034,311175,0,1033209,1524727,1071184,12330,25645,69.8827,30.1173,0.0,69.8827
2002,2,AP,171850,55723,0,227573,290101,237820,2067,8180,75.5142,24.4858,0.0,75.5142
2002,2,BA,3710900,1937780,0,5648680,8568602,6041856,94161,299015,65.695,34.305,0.0,65.695
2002,2,CE,2497143,981609,0,3478752,4805259,3699233,75630,144851,71.7827,28.2173,0.0,71.7827
2002,2,DF,777708,471485,0,1249193,1518437,1310715,18826,42696,62.2568,37.7432,0.0,62.2568
2002,2,ES,944172,646494,0,1590666,2146425,1671089,33220,47203,59.357,40.643,0.0,59.357
2002,2,GO,1424236,1071070,0,2495306,3365848,2619102,40298,83498,57.0766,42.9234,0.0,57.0766
2002,2,MA,1229559,872880,0,2102439,3391814,2229107,36102,90308,58.4825,41.5175,0.0,58.4825
2002,2,MG,6384690,3223960,0,9608650,12680584,10205689,197540,399499,66.4473,33.5527,0.0,66.4473
2002,2,MS,593939,483196,0,1077135,1411773,1119145,14344,27666,55.1406,44.8594,0.0,55.1406
2002,2,MT,649100,542695,0,1191795,1730022,1237037,15390,29852,54.4641,45.5359,0.0,54.4641
2002,2,PA,1317472,1184624,0,2502096,3569333,2588852,24766,61990,52.6547,47.3453,0.0,52.6547
2002,2,PB,984944,742486,0,1727430,2322068,1894314,38138,128746,57.0179,42.9821,0.0,57.0179
2002,2,PE,2198673,1654132,0,3852805,5396667,4095848,91291,151752,57.0668,42.9332,0.0,57.0668
2002,2,PI,825257,533603,0,1358860,1848292,1441895,17814,65221,60.7316,39.2684,0.0,60.7316
2002,2,PR,2929427,2017198,0,4946625,6663381,5428354,111205,370524,59.2207,40.7793,0.0,59.2207
2002,2,RJ,6318104,1682472,0,8000576,10213518,8482533,158230,323727,78.9706,21.0294,0.0,78.9706
2002,2,RN,781947,551628,0,1333575,1917382,1520599,37591,149433,58.6354,41.3646,0.0,58.6354
2002,2,RO,334264,267320,0,601584,882545,641443,10830,29029,55.564,44.436,0.0,55.564
2002,2,RR,104087,54692,0,158779,208524,170766,2564,9423,65.5546,34.4454,0.0,65.5546
2002,2,RS,3297354,2608109,0,5905463,7352139,6278208,137931,234814,55.8357,44.1643,0.0,55.8357
2002,2,SC,1914684,1070502,0,2985186,3817974,3238941,59175,194580,64.1395,35.8605,0.0,64.1395
2002,2,SE,490989,362923,0,853912,1147933,945260,20240,71108,57.4988,42.5012,0.0,57.4988
2002,2,SP,11264282,9073187,0,20337469,25655553,21493289,448562,707258,55.3868,44.6132,0.0,55.3868
2002,2,TO,288405,245349,0,533754,785397,559827,5999,20074,54.0333,45.9667,0.0,54.0333
2002,2,ZZ,20772,13742,0,34514,69640,36043,749,780,60.1843,39.8157,0.0,60.1843
2006,1,AC,133221,161889,17496,312606,412840,334418,4018,17794,42.6163,51.7869,5.5968,45.1428
2006,1,AL,625162,506722,208831,1340715,1859487,1513750,48020,125015,46.629,37.7949,15.5761,55.232
2006,1,AM,1070656,170785,130067,1371508,1781316,1464976,18792,74676,78.0641,12.4524,9.4835,86.243
2006,1,AP,160675,95070,39634,295379,360614,309127,2474,11274,54.3962,32.1858,13.418,62.8263
2006,1,BA,4293200,1676484,471373,6441057,9109353,7225104,201151,582896,66.6537,26.0281,7.3183,71.9167
2006,1,CE,2852895,912726,239877,4005498,5361581,4429568,93891,330179,71.2245,22.7868,5.9887,75.7616
2006,1,DF,499407,594521,253877,1347805,1655050,1425300,21237,56258,37.0534,44.1103,18.8363,45.6526
2006,1,ES,953609,668792,177993,1800394,2336133,1942849,51476,90979,52.9667,37.147,9.8863,58.7776
2006,1,GO,1143122,1465628,237311,2846061,3734185,3094151,67409,180681,40.1651,51.4967,8.3382,43.8188
2006,1,MA,2128103,530164,160331,2818598,3920608,3103527,55177,229752,75.5022,18.8095,5.6883,80.056
2006,1,MG,5192439,4151507,876627,10220573,13679738,11232597,384798,627226,50.8038,40.6191,8.5771,55.5701
2006,1,MS,439965,687583,94914,1222462,1561181,1288948,17422,49064,35.9901,56.2458,7.7642,39.0196
2006,1,MT,557244,790320,94072,1441636,1940270,1549616,28575,79405,38.6536,54.8211,6.5254,41.352
2006,1,PA,1631569,1310437,208670,3150676,4157735,3333677,53781,129220,51.7847,41.5922,6.623,55.4577
2006,1,PB,1258341,537042,131271,1926654,2573766,2154153,57181,170318,65.3122,27.8743,6.8134,70.0876
2006,1,PE,2993618,964730,261996,4220344,5834512,4769970,178589,371037,70.933,22.859,6.2079,75.628
2006,1,PI,1055600,440063,73290,1568953,2073504,1738648,33700,135995,67.2805,28.0482,4.6713,70.5774
2006,1,PR,2111589,2953572,506257,5571418,7121257,5967396,145476,250502,37.9004,53.0129,9.0867,41.6885
2006,1,RJ,4092648,2402076,1827809,8322533,10891293,9255690,292369,640788,49.1755,28.8623,21.9622,63.015
2006,1,RN,952796,499934,130815,1583545,2101144,1789912,49368,156999,60.1685,31.5706,8.2609,65.5866
2006,1,RO,329598,344096,57726,731420,988631,785916,13595,40901,45.0628,47.0449,7.8923,48.924
2006,1,RR,49433,112908,26681,189022,233596,199239,2193,8024,26.152,59.7327,14.1153,30.4501
2006,1,RS,2052656,3460730,693355,6206741,7750583,6676828,214245,255842,33.0714,55.7576,11.171,37.2304
2006,1,SC,1108851,1889277,339494,3337622,4168495,3588173,85003,165548,33.2228,56.6055,10.1717,36.9848
2006,1,SE,476399,446454,83612,1006465,1299785,1111558,28229,76864,47.3339,44.3586,8.3075,51.6224
2006,1,SP,8091867,11927802,1989374,22009043,28037734,23771898,709170,1053685,36.7661,54.195,9.0389,40.4196
2006,1,TO,392151,249544,27233,668928,882728,722082,7603,45551,58.6238,37.3051,4.0711,61.1117
2006,1,ZZ,15551,17513,6013,39077,86116,41388,1263,1048,39.7958,44.8166,15.3876,47.033
2006,2,AC,151584,137911,0,289495,412840,298663,1899,7269,52.3615,47.6385,0.0,52.3615
2006,2,AL,822505,516059,0,1338564,1859487,1404043,15587,49892,61.4468,38.5532,0.0,61.4468
2006,2,AM,1159709,176338,0,1336047,1781316,1369895,8456,25392,86.8015,13.1985,0.0,86.8015
2006,2,AP,191698,80601,0,272299,360614,279594,1779,5516,70.3998,29.6002,0.0,70.3998
2006,2,BA,5188314,1456417,0,6644731,9109353,6987561,75653,267177,78.0816,21.9184,0.0,78.0816
2006,2,CE,3394007,725990,0,4119997,5361581,4285077,38672,126408,82.3789,17.6211,0.0,82.3789
2006,2,DF,765008,578137,0,1343145,1655050,1395766,15578,37043,56.9565,43.0435,0.0,56.9565
2006,2,ES,1190459,625852,0,1816311,2336133,1884434,24319,43804,65.5427,34.4573,0.0,65.5427
2006,2,GO,1485280,1226011,0,2711291,3734185,2971410,37096,223023,54.7813,45.2187,0.0,54.7813
2006,2,MA,2280520,414108,0,2694628,3920608,2973091,24518,253945,84.6321,15.3679,0.0,84.6321
2006,2,MG,6808417,3635228,0,10443645,13679738,10996098,156832,395621,65.192,34.808,0.0,65.192
2006,2,MS,535966,655491,0,1191457,1561181,1225390,8677,25256,44.9841,55.0159,0.0,44.9841
2006,2,MT,711177,719984,0,1431161,1940270,1471964,11158,29645,49.6923,50.3077,0.0,49.6923
2006,2,PA,1840154,1220564,0,3060718,4157735,3154056,22357,70981,60.1216,39.8784,0.0,60.1216
2006,2,PB,1478378,492524,0,1970902,2573766,2132596,27087,134607,75.0102,24.9898,0.0,75.0102
2006,2,PE,3260996,894062,0,4155058,5834512,4671124,85958,430108,78.4826,21.5174,0.0,78.4826
2006,2,PI,1216842,356879,0,1573721,2073504,1649387,13545,62121,77.3226,22.6774,0.0,77.3226
2006,2,PR,2663423,2744697,0,5408120,7121257,5870596,79667,382809,49.2486,50.7514,0.0,49.2486
2006,2,RJ,5532284,2406487,0,7938771,10891293,9001916,191676,871469,69.6869,30.3131,0.0,69.6869
2006,2,RN,1099150,477212,0,1576362,2101144,1749638,25800,147476,69.727,30.273,0.0,69.727
2006,2,RO,397327,320806,0,718133,988631,737440,5040,14267,55.3278,44.6722,0.0,55.3278
2006,2,RR,66932,106890,0,173822,233596,178754,1291,3641,38.5061,61.4939,0.0,38.5061
2006,2,RS,2811658,3485916,0,6297574,7750583,6553582,108626,147382,44.6467,55.3533,0.0,44.6467
2006,2,SC,1481344,1776776,0,3258120,4168495,3533276,49146,226010,45.4662,54.5338,0.0,45.4662
2006,2,SE,611337,404897,0,1016234,1299785,1063988,12652,35102,60.1571,39.8429,0.0,60.1571
2006,2,SP,10684776,11696938,0,22381714,28037734,23458590,303249,773627,47.7389,52.2611,0.0,47.7389
2006,2,TO,447849,189491,0,637340,882728,659409,4145,17924,70.2685,29.7315,0.0,70.2685
2006,2,ZZ,17948,20912,0,38860,86116,40883,985,1038,46.1863,53.8137,0.0,46.1863
2010,1,AC,82733,180252,82836,345821,470545,363570,3818,13931,23.9236,52.1229,23.9534,31.4592
2010,1,AL,709844,508232,176003,1394079,2033483,1583844,57821,131944,50.9185,36.4565,12.625,58.2758
2010,1,AM,991128,129190,404856,1525174,2028122,1621948,21312,75462,64.9846,8.4705,26.5449,88.4685
2010,1,AP,161443,72774,106523,340740,420331,357792,3630,13422,47.3801,21.3576,31.2623,68.9288
2010,1,BA,4188099,1403153,1096649,6687901,9544368,7486735,221801,577033,62.622,20.9805,16.3975,74.9045
2010,1,CE,2783451,686891,728169,4198511,5878066,4699435,140365,360559,66.2961,16.3603,17.3435,80.2068
2010,1,DF,462441,354070,640548,1457059,1833942,1550765,33674,60032,31.738,24.3003,43.9617,56.6362
2010,1,ES,717417,682590,525884,1925891,2521991,2083045,62569,94585,37.2512,35.4428,27.306,51.2438
2010,1,GO,1301985,1217203,563605,3082793,4058912,3329636,84858,161985,42.2339,39.4838,18.2823,51.6827
2010,1,MA,2079650,444145,419984,2943779,4320748,3285100,67827,273494,70.6456,15.0876,14.2668,82.4017
2010,1,MG,5067399,3317872,2400317,10785588,14513934,11838442,418468,634386,46.9831,30.7621,22.2549,60.4321
2010,1,MS,518877,551296,231676,1301849,1700912,1392464,26786,63829,39.8569,42.3472,17.7959,48.4853
2010,1,MT,659771,678614,198208,1536593,2094032,1655212,32728,85891,42.9373,44.1635,12.8992,49.2961
2010,1,PA,1699799,1336887,509898,3546584,4763456,3754672,66727,141361,47.9278,37.6951,14.3772,55.9755
2010,1,PB,1031185,551053,355748,1937986,2738313,2232261,80528,213747,53.2091,28.4343,18.3566,65.1726
2010,1,PE,2748751,773374,929807,4451932,6256213,5041936,204176,385828,61.7429,17.3716,20.8855,78.0424
2010,1,PI,1088205,339445,194391,1622041,2261862,1813324,36380,154903,67.0886,20.927,11.9843,76.2235
2010,1,PR,2311239,2607664,1016098,5935001,7597999,6347623,163486,249136,38.9425,43.937,17.1204,46.9869
2010,1,RJ,3739632,1925166,2880277,8545075,11584083,9572486,368193,659218,43.7636,22.5295,33.7069,66.0153
2010,1,RN,846416,460107,328640,1635163,2245135,1877681,75552,166966,51.7634,28.1383,20.0983,64.7839
2010,1,RO,321712,358435,109517,789664,1078348,846351,16533,40154,40.7404,45.3908,13.8688,47.3004
2010,1,RR,63927,113601,45093,222621,271596,233616,2725,8270,28.7156,51.0289,20.2555,36.0095
2010,1,RS,3007263,2600389,798109,6405761,8107550,6902902,266304,230837,46.9462,40.5945,12.4592,53.6278
2010,1,SC,1402566,1658161,562402,3623129,4536718,3900064,110605,166330,38.7115,45.766,15.5225,45.8246
2010,1,SE,506802,404584,151868,1063254,1425334,1184869,43054,78561,47.6652,38.0515,14.2833,55.6078
2010,1,SP,8740949,9524050,5161300,23426299,30289723,25310267,856433,1027535,37.3125,40.6554,22.0321,47.8563
2010,1,TO,362383,198979,149502,710864,947906,772644,9951,51829,50.9778,27.9911,21.031,64.5542
2010,1,VT,25331,20173,19194,64698,80419,66086,443,945,39.1527,31.1803,29.6671,55.6676
2010,1,ZZ,31036,33933,19334,84303,200043,88977,2593,2081,36.8148,40.2512,22.9339,47.7705
2010,2,AC,96969,222766,0,319735,470560,335883,3563,12585,30.3279,69.6721,0.0,30.3279
2010,2,AL,737236,637368,0,1374604,2033518,1496646,32120,89922,53.6326,46.3674,0.0,53.6326
2010,2,AM,1141607,275333,0,1416940,2028239,1484513,30369,37204,80.5685,19.4315,0.0,80.5685
2010,2,AP,198644,118360,0,317004,420349,338553,4443,17106,62.6629,37.3371,0.0,62.6629
2010,2,BA,4737079,1948584,0,6685663,9544691,7175205,146826,342716,70.8543,29.1457,0.0,70.8543
2010,2,CE,3288570,962729,0,4251299,5878192,4519588,91042,177247,77.3545,22.6455,0.0,77.3545
2010,2,DF,708674,633299,0,1341973,1834135,1479989,45821,92195,52.8084,47.1916,0.0,52.8084
2010,2,ES,924046,955423,0,1879469,2522072,1994327,52573,62285,49.1653,50.8347,0.0,49.1653
2010,2,GO,1446178,1490368,0,2936546,4059028,3158104,61595,159963,49.2476,50.7524,0.0,49.2476
2010,2,MA,2294146,606449,0,2900595,4320922,3045073,41114,103364,79.0923,20.9077,0.0,79.0923
2010,2,MG,6220125,4422294,0,10642419,14514385,11469141,297028,529422,58.4465,41.5535,0.0,58.4465
2010,2,MS,555283,682305,0,1237588,1700979,1290433,19080,33765,44.8682,55.1318,0.0,44.8682
2010,2,MT,729747,762905,0,1492652,2094105,1548459,20082,35725,48.8893,51.1107,0.0,48.8893
2010,2,PA,1791443,1576154,0,3367597,4763592,3487580,40412,79571,53.1965,46.8035,0.0,53.1965
2010,2,PB,1229391,767919,0,1997310,2738389,2217140,53447,166383,61.5523,38.4477,0.0,61.5523
2010,2,PE,3457953,1113235,0,4571188,6256384,4882441,133692,177561,75.6467,24.3533,0.0,75.6467
2010,2,PI,1112380,477092,0,1589472,2261931,1744686,26645,128569,69.9842,30.0158,0.0,69.9842
2010,2,PR,2593086,3226216,0,5819302,7598134,6106683,112620,174761,44.5601,55.4399,0.0,44.5601
2010,2,RJ,4934077,3223891,0,8157968,11584435,9148177,313497,676712,60.4817,39.5183,0.0,60.4817
2010,2,RN,979772,665726,0,1645498,2245194,1761265,40639,75128,59.5426,40.4574,0.0,59.5426
2010,2,RO,347138,385735,0,732873,1078402,801952,12997,56082,47.3667,52.6333,0.0,47.3667
2010,2,RR,71280,141896,0,213176,271603,221679,2507,5996,33.4372,66.5628,0.0,33.4372
2010,2,RS,3117761,3237207,0,6354968,8107785,6671600,148409,168223,49.0602,50.9398,0.0,49.0602
2010,2,SC,1556226,2030135,0,3586361,4536829,3770583,67252,116970,43.3929,56.6071,0.0,43.3929
2010,2,SE,568862,493280,0,1062142,1425359,1130391,23787,44462,53.558,46.442,0.0,53.558
2010,2,SP,10462447,12308483,0,22770930,30290443,24488829,618538,1099361,45.9465,54.0535,0.0,45.9465
2010,2,TO,391279,273306,0,664585,947928,696563,9455,22523,58.8757,41.1243,0.0,58.8757
2010,2,VT,28018,25017,0,53035,76458,55140,731,1374,52.8293,47.1707,0.0,52.8293
2010,2,ZZ,33112,47913,0,81025,200043,85591,2313,2253,40.8664,59.1336,0.0,40.8664
2014,1,AC,111641,116109,171385,399135,506805,419018,4344,15539,27.9707,29.0902,42.9391,49.0191
2014,1,AL,703809,311830,393897,1409536,1995862,1613089,71611,131942,49.932,22.1229,27.9452,69.2972
2014,1,AM,915299,326257,437559,1679115,2227037,1793093,36069,77909,54.5108,19.4303,26.0589,73.7219
2014,1,AP,199016,99125,91458,389599,455680,408117,5045,13473,51.0823,25.4428,23.4749,66.7523
2014,1,BA,4292850,1277512,1417581,6987943,10181809,7820921,252761,580217,61.4322,18.2817,20.2861,77.0659
2014,1,CE,3087658,677587,756940,4522185,6271183,5009561,158513,328863,68.278,14.9836,16.7384,82.0042
2014,1,DF,363861,570494,645337,1579692,1901499,1679730,38453,61585,23.0337,36.1143,40.8521,38.9425
2014,1,ES,653839,694085,627398,1975322,2654025,2152378,81555,95501,33.1004,35.1378,31.7618,48.5071
2014,1,GO,1035911,1341320,850929,3228160,4331714,3516060,116422,171478,32.0898,41.5506,26.3596,43.5764
2014,1,MA,2187864,365655,592028,3145547,4496584,3434308,76768,211993,69.5543,11.6245,18.8211,85.6803
2014,1,MG,4830867,4417876,1864211,11112954,15243511,12192320,467167,612199,43.4706,39.7543,16.7751,52.2327
2014,1,MS,507063,558826,286319,1352208,1818436,1445135,40125,52802,37.4989,41.3269,21.1742,47.5718
2014,1,MT,616411,693755,249453,1559619,2189276,1687726,45585,82522,39.5232,44.4823,15.9945,47.0483
2014,1,PA,2040981,1058334,739468,3838783,5187201,4092972,84934,169255,53.1674,27.5695,19.2631,65.8526
2014,1,PB,1166860,490962,440989,2098811,2835939,2335534,95338,141385,55.5962,23.3924,21.0114,70.3851
2014,1,PE,2127010,285315,2398551,4810876,6356093,5306324,219853,275595,44.2125,5.9306,49.8568,88.1726
2014,1,PI,1235337,242256,272283,1749876,2345040,1901917,37307,114734,70.5957,13.8442,15.5601,83.6047
2014,1,PR,1973421,3021988,1072459,6067868,7867462,6541878,221643,252367,32.5225,49.8031,17.6744,39.5047
2014,1,RJ,2971736,2249662,3125116,8346514,12141933,9700381,466901,886966,35.6045,26.9533,37.4422,56.9146
2014,1,RN,999625,330264,335029,1664918,2327581,1935965,84980,186067,60.0405,19.8367,20.1229,75.166
2014,1,RO,345305,371937,110990,828232,1127152,886486,20625,37629,41.6918,44.9073,13.4008,48.1434
2014,1,RR,82942,109070,58004,250016,299900,262624,3750,8858,33.1747,43.6252,23.2001,43.1963
2014,1,RS,2752075,2639647,980052,6371774,8390220,6981308,313664,295870,43.1917,41.4272,15.3811,51.0426
2014,1,SC,1141102,1963772,607419,3712293,4860775,4063339,150783,200263,30.7385,52.8992,16.3624,36.752
2014,1,SE,601740,248756,245443,1095939,1454447,1240644,54110,90595,54.9063,22.698,22.3957,70.7517
2014,1,SP,5930661,10165921,6883790,22980372,32004396,25758945,1253070,1525503,25.8075,44.2374,29.9551,36.8442
2014,1,TO,368431,203183,162162,733776,996982,801609,14280,53553,50.2103,27.6901,22.0997,64.4545
2014,1,ZZ,24353,65713,42673,132739,352820,141501,4833,3929,18.3465,49.5054,32.148,27.0391
2014,2,AC,138982,243677,0,382659,506789,394373,3480,8234,36.3201,63.6799,0.0,36.3201
2014,2,AL,941445,574322,0,1515767,1995776,1604072,25003,63302,62.1101,37.8899,0.0,62.1101
2014,2,AM,1033457,556545,0,1590002,2227001,1723417,27153,106262,64.9972,35.0028,0.0,64.9972
2014,2,AP,227509,142780,0,370289,455655,389305,3183,15833,61.4409,38.5591,0.0,61.4409
2014,2,BA,5059860,2153111,0,7212971,10181876,7656063,109113,333979,70.1495,29.8505,0.0,70.1495
2014,2,CE,3522884,1068169,0,4591053,6271136,4907255,69320,246882,76.7337,23.2663,0.0,76.7337
2014,2,DF,582354,946171,0,1528525,1901543,1661130,29171,103434,38.0991,61.9009,0.0,38.0991
2014,2,ES,912391,1065485,0,1977876,2654061,2077712,36418,63418,46.1298,53.8702,0.0,46.1298
2014,2,GO,1365964,1819139,0,3185103,4331678,3398899,56035,157761,42.886,57.114,0.0,42.886
2014,2,MA,2475985,667823,0,3143808,4496565,3265844,34452,87584,78.7575,21.2425,0.0,78.7575
2014,2,MG,5981162,5432465,0,11413627,15243592,12017541,176052,427862,52.4037,47.5963,0.0,52.4037
2014,2,MS,590965,762797,0,1353762,1818401,1397883,15635,28486,43.6535,56.3465,0.0,43.6535
2014,2,MT,717412,865610,0,1583022,2189335,1632636,14726,34888,45.3191,54.6809,0.0,45.3191
2014,2,PA,2104151,1561066,0,3665217,5187143,3878932,42609,171106,57.4086,42.5914,0.0,57.4086
2014,2,PB,1381305,768475,0,2149780,2835935,2325562,43722,132060,64.2533,35.7467,0.0,64.2533
2014,2,PE,3438829,1460279,0,4899108,6356106,5226999,102054,225837,70.193,29.807,0.0,70.193
2014,2,PI,1385265,384157,0,1769422,2345043,1846686,15919,61345,78.2891,21.7109,0.0,78.2891
2014,2,PR,2409677,3769054,0,6178731,7867456,6417632,81356,157545,38.9995,61.0005,0.0,38.9995
2014,2,RJ,4489860,3685122,0,8174982,12142032,9427045,261629,990434,54.922,45.078,0.0,54.922
2014,2,RN,1201768,516487,0,1718255,2327470,1916413,34826,163332,69.9412,30.0588,0.0,69.9412
2014,2,RO,364213,442698,0,806911,1127171,852738,10005,35822,45.1367,54.8633,0.0,45.1367
2014,2,RR,97425,139752,0,237177,299886,250613,2270,11166,41.0769,58.9231,0.0,41.0769
2014,2,RS,2998545,3455214,0,6453759,8390408,6864329,146601,263969,46.462,53.538,0.0,46.462
2014,2,SC,1354775,2472142,0,3826917,4860832,3992948,50947,115084,35.4012,64.5988,0.0,35.4012
2014,2,SE,772482,380654,0,1153136,1454428,1223076,19090,50850,66.9897,33.0103,0.0,66.9897
2014,2,SP,8492620,15311664,0,23804284,32004234,25442448,501035,1137129,35.6769,64.3231,0.0,35.6769
2014,2,TO,428774,292176,0,720950,996958,750455,6856,22649,59.4735,40.5265,0.0,59.4735
2014,2,ZZ,31059,104121,0,135180,352852,141873,3159,3534,22.976,77.024,0.0,22.976
2018,1,AC,78170,262508,81100,421778,547608,443634,5499,16357,18.5334,62.2384,19.2281,22.9454
2018,1,AL,687247,528355,320144,1535746,2187948,1693503,46692,111065,44.75,34.4038,20.8462,56.5355
2018,1,AM,746998,805902,300691,1853591,2428842,1958878,29010,76277,40.3,43.4779,16.2221,48.1034
2018,1,AP,134287,166935,108535,409757,512119,426620,4739,12124,32.7724,40.74,26.4876,44.5807
2018,1,BA,4441955,1725140,1201450,7368545,10392015,8236847,169806,697750,60.2827,23.4122,16.3051,72.0267
2018,1,CE,1616492,1061075,2202588,4880155,6343897,5244712,111881,252676,33.1238,21.7426,45.1336,60.3717
2018,1,DF,190508,936494,477515,1604517,2085825,1695724,31995,59212,11.8732,58.3661,29.7607,16.904
2018,1,ES,495868,1122131,431149,2049148,2754739,2224259,61910,113201,24.1987,54.7609,21.0404,30.647
2018,1,GO,713535,1868686,682568,3264789,4454402,3554934,81276,208869,21.8555,57.2376,20.907,27.6326
2018,1,MA,2062638,817531,486778,3366947,4536954,3605316,60409,177960,61.2614,24.2811,14.4575,71.6152
2018,1,MG,3037957,5308047,2641710,10987714,15698955,12214681,381959,845008,27.6487,48.3089,24.0424,36.4001
2018,1,MS,333407,769116,294422,1396945,1877705,1479308,30951,51412,23.8669,55.057,21.0761,30.2404
2018,1,MT,404604,981119,248413,1634136,2330024,1757938,33540,90262,24.7595,60.039,15.2015,29.198
2018,1,PA,1714822,1499294,928619,4142735,5498941,4401798,70590,188473,41.3935,36.1909,22.4156,53.3528
2018,1,PB,984398,677718,503428,2165544,2868028,2436874,67039,204291,45.4573,31.2955,23.2472,59.2256
2018,1,PE,2309104,1444685,971427,4725216,6569262,5393186,153557,514413,48.8677,30.5739,20.5584,61.514
2018,1,PI,1172147,346944,329852,1848943,2370421,1997932,32809,116180,63.3955,18.7645,17.84,77.1611
2018,1,PR,1210974,3496448,1438267,6145689,7972308,6620465,165991,308785,19.7044,56.8927,23.4029,25.7248
2018,1,RJ,1255425,5107735,2180233,8543393,12406805,9479580,282605,653582,14.6947,59.7858,25.5195,19.7296
2018,1,RN,738165,541448,512640,1792253,2373957,1967735,44605,130877,41.1864,30.2105,28.6031,57.6866
2018,1,RO,176107,538311,150483,864901,1175617,913340,15329,33110,20.3615,62.2396,17.3989,24.6504
2018,1,RR,49406,174306,53076,276788,333591,287150,2833,7529,17.8498,62.9746,19.1757,22.0846
2018,1,RS,1453291,3353623,1565522,6372436,8353657,6838548,235396,230716,22.8059,52.627,24.5671,30.2333
2018,1,SC,598578,2603665,753540,3955783,5073479,4246278,103220,187275,15.1317,65.8192,19.0491,18.6925
2018,1,SE,571234,310310,258836,1140380,1577123,1280300,32124,107796,50.0915,27.2111,22.6973,64.7993
2018,1,SP,3833982,12378012,7140785,23352779,33042545,25930749,837211,1740759,16.4177,53.0044,30.5779,23.649
2018,1,TO,311212,337782,107766,756760,1039188,831599,8915,65924,41.1243,44.6353,14.2404,47.953
2018,1,ZZ,19540,113690,60151,193381,499870,202766,5046,4339,10.1044,58.7907,31.1049,14.6664
2018,2,AC,86977,294899,0,381876,547590,399129,6594,10659,22.7762,77.2238,0.0,22.7762
2018,2,AL,912034,610093,0,1522127,2187735,1644459,25919,96413,59.9184,40.0816,0.0,59.9184
2018,2,AM,875845,885401,0,1761246,2428821,1909279,29353,118680,49.7287,50.2713,0.0,49.7287
2018,2,AP,183616,185096,0,368712,512117,394939,6589,19638,49.7993,50.2007,0.0,49.7993
2018,2,BA,5484901,2060382,0,7545283,10391945,8200327,107203,547841,72.6931,27.3069,0.0,72.6931
2018,2,CE,3407526,1384591,0,4792117,6343848,5158343,78178,288048,71.1069,28.8931,0.0,71.1069
2018,2,DF,463340,1080411,0,1543751,2086086,1691396,44657,102988,30.0139,69.9861,0.0,30.0139
2018,2,ES,747768,1276611,0,2024379,2754749,2178495,51580,102536,36.9381,63.0619,0.0,36.9381
2018,2,GO,1118060,2124739,0,3242799,4454429,3491824,59568,189457,34.4782,65.5218,0.0,34.4782
2018,2,MA,2428913,886565,0,3315478,4536973,3477517,42274,119765,73.2598,26.7402,0.0,73.2598
2018,2,MG,4382952,6100107,0,10483059,15699063,12067502,309049,1275394,41.8099,58.1901,0.0,41.8099
2018,2,MS,465025,872049,0,1337074,1877747,1449977,27014,85889,34.7793,65.2207,0.0,34.7793
2018,2,MT,549001,1085824,0,1634825,2330011,1718877,23071,60981,33.5816,66.4184,0.0,33.5816
2018,2,PA,2112769,1742188,0,3854957,5498812,4218043,60908,302178,54.8066,45.1934,0.0,54.8066
2018,2,PB,1451293,782143,0,2233436,2868023,2407269,36933,136900,64.9803,35.0197,0.0,64.9803
2018,2,PE,3297944,1661163,0,4959107,6569316,5377444,76515,341822,66.5028,33.4972,0.0,66.5028
2018,2,PI,1417113,422095,0,1839208,2370422,1946971,20914,86849,77.0502,22.9498,0.0,77.0502
2018,2,PR,1948790,4224416,0,6173206,7972415,6595854,132345,290303,31.5685,68.4315,0.0,31.5685
2018,2,RJ,2673386,5669059,0,8342445,12406861,9421512,219829,859238,32.0456,67.9544,0.0,32.0456
2018,2,RN,1131027,652562,0,1783589,2373876,1943331,29990,129752,63.413,36.587,0.0,63.413
2018,2,RO,229343,594968,0,824311,1175634,882221,13856,44054,27.8224,72.1776,0.0,27.8224
2018,2,RR,72872,183268,0,256140,333576,270651,3700,10811,28.4501,71.5499,0.0,28.4501
2018,2,RS,2263171,3893737,0,6156908,8353814,6777418,208909,411601,36.7582,63.2418,0.0,36.7582
2018,2,SC,940724,2966242,0,3906966,5073146,4217534,88680,221888,24.0781,75.9219,0.0,24.0781
2018,2,SE,759061,364860,0,1123921,1577191,1264754,21087,119746,67.5369,32.4631,0.0,67.5369
2018,2,SP,7212132,15306023,0,22518155,33042569,25846143,746949,2581039,32.0281,67.9719,0.0,32.0281
2018,2,TO,371593,356684,0,728277,1039178,781076,7688,45111,51.0236,48.9764,0.0,51.0236
2018,2,ZZ,53730,131671,0,185401,499877,201166,7241,8524,28.9804,71.0196,0.0,28.9804
2022,1,AC,129022,275582,36313,440917,587738,455903,4664,10322,29.2622,62.502,8.2358,31.8885
2022,1,AL,974156,621515,128546,1724217,2326491,1805971,28792,52962,56.4985,36.0462,7.4553,61.0499
2022,1,AM,1019684,880198,156794,2056676,2646924,2113771,19570,37525,49.5792,42.7971,7.6237,53.6709
2022,1,AP,197382,187621,47158,432161,550165,442842,3289,7392,45.6733,43.4146,10.9121,51.2677
2022,1,BA,5873081,2047599,502328,8423008,11283405,8874841,123450,328383,69.7266,24.3096,5.9638,74.1487
2022,1,CE,3578355,1377827,473082,5429264,6818732,5628610,72246,127100,65.9087,25.3778,8.7136,72.1998
2022,1,DF,649534,910397,202644,1762575,2206996,1819900,25162,32163,36.8514,51.6515,11.497,41.6386
2022,1,ES,897348,1160030,163752,2221130,2922379,2315889,39541,55218,40.4005,52.227,7.3725,43.6161
2022,1,GO,1454723,1920203,306543,3681469,4870292,3812597,48539,82589,39.5147,52.1586,8.3266,43.1038
2022,1,MA,2603454,983861,194330,3781645,5039287,3920435,35605,103185,68.8445,26.0167,5.1388,72.5739
2022,1,MG,5802571,5239264,974798,12016633,16283828,12655228,229425,409170,48.2878,43.6001,8.1121,52.5508
2022,1,MS,588323,794206,124460,1506989,1995932,1555149,17651,30509,39.0396,52.7015,8.2589,42.5541
2022,1,MT,633748,1102866,106274,1842888,2469604,1892180,18680,30612,34.3889,59.8444,5.7667,36.4933
2022,1,PA,2443730,1884673,351533,4679936,6079280,4789311,40902,68473,52.2172,40.2713,7.5115,56.458
2022,1,PB,1554868,717416,149404,2421688,3092053,2557479,41922,93869,64.206,29.6246,6.1694,68.4275
2022,1,PE,3558322,1630938,262749,5452009,7015421,5738371,90092,196270,65.2663,29.9144,4.8193,68.5709
2022,1,PI,1518008,406897,119481,2044386,2570433,2115645,19477,51782,74.2525,19.9031,5.8443,78.8615
2022,1,PR,2363492,3628612,574660,6566764,8480435,6828543,108894,152885,35.9917,55.2572,8.751,39.4434
2022,1,RJ,3847143,4831246,778288,9456677,12826356,9909463,159773,293013,40.6818,51.0882,8.23,44.3302
2022,1,RN,1264179,622731,120354,2007264,2554716,2090604,26151,57189,62.9802,31.0239,5.9959,66.9973
2022,1,RO,261749,581306,60180,903235,1229998,926827,9350,14242,28.9791,64.3582,6.6627,31.0477
2022,1,RR,68760,207587,22022,298369,366632,305404,2255,4780,23.0453,69.5739,7.3808,24.8818
2022,1,RS,2806672,3245023,586057,6637752,8589432,6890016,129345,122919,42.2835,48.8874,8.8291,46.3783
2022,1,SC,1279216,2694406,357362,4330984,5501478,4487474,66871,89619,29.5364,62.2123,8.2513,32.1927
2022,1,SE,828716,378610,91106,1298432,1671376,1364724,20224,46068,63.8244,29.159,7.0166,68.6406
2022,1,SP,10490032,12239989,2926313,25656334,34684927,27189714,571257,962123,40.8867,47.7075,11.4058,46.1506
2022,1,TO,434303,379194,48295,861792,1094346,891449,6795,22862,50.3953,44.0006,5.604,53.3872
2022,1,ZZ,138933,122548,33044,294525,695355,304032,4857,4650,47.1719,41.6087,11.2194,53.1331
2022,2,AC,121566,287750,0,409316,587765,420760,4722,6722,29.6998,70.3002,0.0,29.6998
2022,2,AL,976831,687827,0,1664658,2325814,1784988,23376,96954,58.6806,41.3194,0.0,58.6806
2022,2,AM,1004991,961741,0,1966732,2647123,2067875,21594,79549,51.0995,48.9005,0.0,51.0995
2022,2,AP,189918,200547,0,390465,550131,400683,4018,6200,48.6389,51.3611,0.0,48.6389
2022,2,BA,6097815,2357028,0,8454843,11282999,8971728,121221,395664,72.1222,27.8778,0.0,72.1222
2022,2,CE,3807891,1634477,0,5442368,6818192,5649398,67045,139985,69.9675,30.0325,0.0,69.9675
2022,2,DF,729295,1041331,0,1770626,2207628,1838492,29663,38203,41.1885,58.8115,0.0,41.1885
2022,2,ES,926767,1282145,0,2208912,2922264,2322269,37214,76143,41.9558,58.0442,0.0,41.9558
2022,2,GO,1542115,2193041,0,3735156,4870621,3860351,43610,81585,41.2865,58.7135,0.0,41.2865
2022,2,MA,2668425,1082749,0,3751174,5039307,3854804,35807,67823,71.1357,28.8643,0.0,71.1357
2022,2,MG,6190960,6141310,0,12332270,16284615,12866284,183206,350808,50.2013,49.7987,0.0,50.2013
2022,2,MS,599547,880606,0,1480153,1996066,1549873,18062,51658,40.5057,59.4943,0.0,40.5057
2022,2,MT,652786,1216730,0,1869516,2469797,1913231,16317,27398,34.9174,65.0826,0.0,34.9174
2022,2,PA,2509084,2073895,0,4582979,6078857,4701740,43602,75159,54.7479,45.2521,0.0,54.7479
2022,2,PB,1601953,802502,0,2404455,3091719,2574215,35467,134293,66.6244,33.3756,0.0,66.6244
2022,2,PE,3640933,1798832,0,5439765,7015086,5800735,74435,286535,66.9318,33.0682,0.0,66.9318
2022,2,PI,1551383,467065,0,2018448,2570253,2088530,19027,51055,76.8602,23.1398,0.0,76.8602
2022,2,PR,2506605,4159343,0,6665948,8480626,6900420,95555,138917,37.6031,62.3969,0.0,37.6031
2022,2,RJ,4156217,5403894,0,9560111,12827044,9973822,126645,287066,43.4746,56.5254,0.0,43.4746
2022,2,RN,1326785,711381,0,2038166,2554326,2108799,20585,50048,65.097,34.903,0.0,65.097
2022,2,RO,262904,633236,0,896140,1230172,926517,9428,20949,29.3374,70.6626,0.0,29.3374
2022,2,RR,67128,213518,0,280646,366641,286269,2173,3450,23.9191,76.0809,0.0,23.9191
2022,2,RS,2891851,3733185,0,6625036,8589684,6930852,122456,183360,43.6503,56.3497,0.0,43.6503
2022,2,SC,1351918,3047630,0,4399548,5501284,4542817,56475,86794,30.7286,69.2714,0.0,30.7286
2022,2,SE,862951,421086,0,1284037,1671241,1355467,18240,53190,67.2061,32.7939,0.0,67.2061
2022,2,SP,11519882,14216587,0,25736469,34684876,27380491,526677,1117345,44.7609,55.2391,0.0,44.7609
2022,2,TO,434593,411654,0,846247,1094302,871238,7158,17833,51.3553,48.6447,0.0,51.3553
2022,2,ZZ,152905,145264,0,298169,695578,310148,5900,6079,51.2813,48.7187,0.0,51.2813
