ano,cargo,partido,lista,votos
2002,DF,PT do B,PT do B,775
2002,DF,PAN,41,1070
2002,DE,PCO,PCO,1099
2002,DF,PGT,PGT,1693
2002,DF,PMN,37,1823
2002,DF,PCO,PCO,1887
2002,DF,PCB,PCB,1933
2002,DE,PTN,PTN,2137
2002,DE,PAN,41,3021
2002,DE,PCB,37,3063
2002,DE,PSC,PSC,3236
2002,DF,PTN,PTN,3614
2002,DE,PGT,PGT,4992
2002,DF,PSC,PSC,6164
2002,DE,PMN,37,6699
2002,DE,PT do B,43,7709
2002,DE,PSTU,PSTU,8333
2002,DF,PSTU,PSTU,8829
2002,DE,PRONA,PRONA,13849
2002,DF,PRONA,PRONA,14401
2002,DF,PV,PV,15656
2002,DE,PV,PV,18206
2002,DF,PC do B,37,56133
2002,DF,PHS,42,59862
2002,DE,PHS,42,72983
2002,DE,PL,PL,92666
2002,DE,PC do B,37,95388
2002,DF,PFL,43,158987
2002,DF,PL,PL,193676
2002,DF,PSB,PSB,195296
2002,DF,PPS,43,205679
2002,DE,PFL,43,217027
2002,DE,PPS,43,242897
2002,DE,PSB,PSB,245848
2002,DF,PSDB,PSDB,300071
2002,DE,PSDB,PSDB,387986
2002,DF,PTB,PTB,530111
2002,DF,PDT,41,645108
2002,DE,PTB,PTB,676162
2002,DE,PDT,41,686205
2002,DE,PMDB,42,858419
2002,DF,PMDB,42,964643
2002,DE,PPB,PPB,972096
2002,DF,PPB,PPB,1061039
2002,DE,PT,37,1326796
2002,DF,PT,37,1452497
2006,DE,PRTB,1089,204
2006,DF,PRTB,1140,225
2006,DF,PSL,PSL,677
2006,DE,PSL,PSL,706
2006,DE,PMN,1088,1008
2006,DF,PTC,1140,1351
2006,DE,PCO,PCO,1430
2006,DF,PSDC,PSDC,1579
2006,DF,PT do B,1140,1739
2006,DE,PSDC,PSDC,1812
2006,DF,PCO,PCO,2050
2006,DE,PCB,1028,2377
2006,DF,PMN,1087,2978
2006,DF,PSTU,PSTU,3190
2006,DE,PT do B,1089,3300
2006,DF,PAN,1140,4095
2006,DE,PAN,1089,4931
2006,DE,PTC,1089,4954
2006,DE,PRONA,PRONA,7108
2006,DE,PHS,1089,11042
2006,DE,PSTU,PSTU,13013
2006,DF,PRONA,PRONA,17065
2006,DE,PSC,1089,18958
2006,DF,PHS,1140,20412
2006,DF,PSC,1140,26450
2006,DE,PL,1089,44186
2006,DE,PV,PV,60005
2006,DF,PL,1098,60561
2006,DF,PV,PV,74739
2006,DE,PSOL,1028,74959
2006,DF,PPS,1098,91240
2006,DE,PC do B,1006,98429
2006,DE,PSB,PSB,219931
2006,DF,PSOL,1027,226146
2006,DF,PFL,1098,264438
2006,DF,PC do B,1005,281472
2006,DF,PSB,PSB,285355
2006,DE,PPS,1095,305356
2006,DE,PFL,PFL,317666
2006,DF,PSDB,1098,498864
2006,DE,PTB,1088,505381
2006,DF,PTB,1087,524438
2006,DF,PDT,PDT,562076
2006,DE,PSDB,1095,576294
2006,DE,PDT,PDT,738002
2006,DF,PP,PP,868908
2006,DE,PP,PP,956262
2006,DE,PMDB,PMDB,976736
2006,DF,PMDB,PMDB,1003683
2006,DE,PT,1006,1033283
2006,DF,PT,1005,1126732
2010,DF,PTN,210000000020,746
2010,DE,PSDC,210000000017,878
2010,DF,PSDC,210000000017,1009
2010,DF,PT do B,210000000031,1182
2010,DE,PSL,210000000028,1428
2010,DE,PTN,210000000020,1536
2010,DE,PCB,PCB,1543
2010,DF,PSL,210000000031,1559
2010,DF,PCB,PCB,1957
2010,DF,PHS,210000000031,2024
2010,DE,PMN,PMN,2167
2010,DE,PHS,210000000028,2222
2010,DF,PTC,PTC,2606
2010,DF,PMN,PMN,4007
2010,DE,PT do B,210000000028,4248
2010,DE,PTC,PTC,4568
2010,DE,PSTU,PSTU,7685
2010,DF,PSTU,PSTU,8579
2010,DF,PRP,PRP,9812
2010,DE,PRP,PRP,10586
2010,DF,PR,210000000003,19575
2010,DE,PR,210000000003,21171
2010,DE,PSC,210000000028,22150
2010,DF,PPS,210000000031,39009
2010,DF,PSC,210000000031,67495
2010,DF,PRB,210000000031,69209
2010,DF,PV,PV,76732
2010,DE,PRB,210000000028,79452
2010,DE,PSOL,PSOL,80917
2010,DE,PV,PV,85745
2010,DE,DEM,DEM,124187
2010,DE,PPS,210000000028,148555
2010,DE,PC do B,210000000003,156400
2010,DF,PSOL,PSOL,179578
2010,DF,DEM,210000000025,218827
2010,DE,PSB,210000000003,283671
2010,DF,PSDB,210000000031,318018
2010,DF,PSB,210000000003,344335
2010,DF,PDT,210000000020,518921
2010,DF,PC do B,210000000003,561644
2010,DF,PTB,210000000025,588215
2010,DE,PTB,PTB,604870
2010,DE,PSDB,210000000028,622667
2010,DF,PMDB,210000000017,777321
2010,DE,PDT,210000000020,781794
2010,DE,PP,PP,785481
2010,DF,PP,210000000031,819352
2010,DE,PMDB,210000000017,896931
2010,DE,PT,PT,1505681
2010,DF,PT,PT,1533623
2014,DF,PSDC,210000000015,494
2014,DE,PHS,210000000012,1701
2014,DE,PCB,PCB,2247
2014,DF,PTC,210000000024,2341
2014,DF,PCB,PCB,2445
2014,DE,PTC,210000000022,2732
2014,DF,PHS,210000000015,3042
2014,DE,PMN,PMN,3188
2014,DF,PMN,PMN,3507
2014,DF,PRP,PRP,3764
2014,DF,PT do B,210000000015,4215
2014,DF,PRTB,PRTB,4249
2014,DE,PRP,PRP,4776
2014,DF,PPL,210000000024,5257
2014,DE,PSDC,210000000012,5992
2014,DE,PT do B,210000000012,6962
2014,DE,PRTB,PRTB,7340
2014,DF,PEN,210000000006,7716
2014,DE,PSTU,210000000002,8380
2014,DE,PEN,210000000025,8681
2014,DF,PSL,210000000015,11633
2014,DF,PROS,210000000024,12034
2014,DF,PSTU,210000000002,15671
2014,DE,PROS,210000000022,16889
2014,DE,PSL,210000000012,18299
2014,DF,PV,210000000006,18959
2014,DF,PPS,210000000015,21341
2014,DF,PSC,210000000006,31659
2014,DE,PSC,210000000025,37873
2014,DF,SD,210000000020,48467
2014,DE,PPL,210000000022,48496
2014,DE,PPS,210000000014,55608
2014,DF,PR,210000000024,58324
2014,DE,PV,210000000025,65855
2014,DE,PR,210000000022,66834
2014,DE,SD,210000000026,69250
2014,DF,PSOL,210000000002,72383
2014,DE,DEM,210000000005,83362
2014,DE,PSD,210000000012,91835
2014,DF,PRB,210000000020,101543
2014,DE,PSOL,210000000002,115669
2014,DE,PRB,210000000026,123884
2014,DF,DEM,210000000006,154082
2014,DF,PC do B,210000000024,193099
2014,DF,PSD,210000000015,198237
2014,DF,PSDB,210000000020,305961
2014,DE,PC do B,210000000022,358811
2014,DE,PSDB,210000000026,362834
2014,DE,PSB,210000000014,373659
2014,DF,PSB,210000000015,399303
2014,DF,PTB,210000000024,434855
2014,DF,PDT,210000000006,507269
2014,DE,PTB,PTB,519840
2014,DE,PDT,210000000005,801768
2014,DE,PP,PP,830495
2014,DE,PMDB,PMDB,840454
2014,DF,PP,210000000020,953534
2014,DF,PMDB,PMDB,981415
2014,DE,PT,PT,1175605
2014,DF,PT,PT,1385264
2018,DE,AVANTE,210000050423,1433
2018,DF,PCB,210000050000,2116
2018,DF,PSTU,PSTU,2715
2018,DF,DC,DC,2813
2018,DE,PTC,210000050460,2856
2018,DF,PHS,210000050292,3447
2018,DE,PMB,210000050137,3550
2018,DE,PSTU,PSTU,3564
2018,DE,PCB,210000050000,3797
2018,DF,PTC,210000050441,3829
2018,DE,PRP,210000050460,4322
2018,DE,PHS,210000050167,4424
2018,DF,PMB,210000050135,4611
2018,DE,PATRI,210000050324,5230
2018,DE,DC,DC,6247
2018,DE,PPL,210000050423,8006
2018,DF,PRP,210000050441,8323
2018,DF,PMN,210000050441,9635
2018,DF,PATRI,210000050033,18746
2018,DF,PSC,210000050441,22471
2018,DE,PMN,210000050460,24186
2018,DF,AVANTE,210000050108,29031
2018,DF,PPL,210000050108,29221
2018,DF,PODE,210000050108,30458
2018,DF,PROS,210000050101,32367
2018,DF,SOLIDARIEDADE,210000050108,39959
2018,DE,PSC,210000050460,44437
2018,DE,PROS,PROS,45752
2018,DF,REDE,210000050140,57661
2018,DE,REDE,210000050167,58306
2018,DF,PV,210000050135,58388
2018,DE,PV,210000050423,58491
2018,DE,PODE,210000050423,64728
2018,DF,PC do B,PC do B,81615
2018,DE,PC do B,PC do B,88581
2018,DE,PPS,210000050167,107079
2018,DF,PPS,210000050292,126453
2018,DE,PSD,210000050324,133108
2018,DE,DEM,210000050099,136212
2018,DE,SOLIDARIEDADE,SOLIDARIEDADE,136259
2018,DF,PRB,210000050140,148141
2018,DE,PR,210000050324,169819
2018,DE,PSOL,210000050000,179510
2018,DF,PSD,210000050441,180667
2018,DF,PSOL,210000050000,183845
2018,DE,NOVO,NOVO,190078
2018,DF,PR,210000050033,195295
2018,DE,PRB,PRB,196811
2018,DF,DEM,210000050101,222535
2018,DF,PSDB,210000050140,299938
2018,DE,PSB,PSB,301390
2018,DE,PSDB,210000050167,316381
2018,DF,PTB,210000050140,316385
2018,DE,PTB,210000050193,364602
2018,DF,PSB,210000050033,373791
2018,DE,PDT,210000050137,425859
2018,DF,NOVO,NOVO,437390
2018,DF,PSL,210000050101,437670
2018,DE,PSL,210000050099,453884
2018,DF,PDT,210000050135,454021
2018,DF,PP,210000050140,562916
2018,DE,PP,210000050193,612345
2018,DF,MDB,MDB,674805
2018,DE,MDB,MDB,764384
2018,DF,PT,PT,793819
2018,DE,PT,PT,834730
2022,DF,AGIR,AGIR,425
2022,DE,DC,DC,466
2022,DF,DC,DC,1187
2022,DF,PROS,PROS,1264
2022,DF,PSTU,PSTU,1842
2022,DE,PSTU,PSTU,1883
2022,DF,UP,UP,2086
2022,DE,PRTB,PRTB,2439
2022,DF,PRTB,PRTB,2656
2022,DE,REDE,210001680967,2763
2022,DF,PCB,PCB,3661
2022,DE,PCB,PCB,3833
2022,DF,REDE,210001680908,7918
2022,DE,PV,210001681525,8590
2022,DF,SOLIDARIEDADE,SOLIDARIEDADE,12595
2022,DF,PV,210001681253,18129
2022,DE,PATRIOTA,PATRIOTA,20643
2022,DF,PATRIOTA,PATRIOTA,28516
2022,DE,SOLIDARIEDADE,SOLIDARIEDADE,29106
2022,DF,PSC,PSC,29346
2022,DE,AVANTE,AVANTE,32155
2022,DF,AVANTE,AVANTE,39776
2022,DE,PC do B,210001681525,76327
2022,DF,PTB,PTB,89766
2022,DE,PSC,PSC,91989
2022,DE,CIDADANIA,210001682211,99654
2022,DE,PTB,PTB,106233
2022,DF,PC do B,210001681253,109274
2022,DF,CIDADANIA,210001682205,128451
2022,DE,NOVO,NOVO,147221
2022,DE,PSB,PSB,160139
2022,DE,PSD,PSD,181035
2022,DF,PSB,PSB,193200
2022,DE,PODE,PODE,196671
2022,DF,UNIÃO,UNIÃO,215367
2022,DE,PSOL,210001680967,286076
2022,DF,PSOL,210001680908,295262
2022,DF,PSD,PSD,295357
2022,DF,NOVO,NOVO,301966
2022,DE,UNIÃO,UNIÃO,305406
2022,DF,PODE,PODE,318850
2022,DF,PDT,PDT,321317
2022,DF,PSDB,210001682205,352544
2022,DE,PSDB,210001682211,443978
2022,DE,PDT,PDT,467723
2022,DE,PL,PL,519833
2022,DF,PP,PP,522295
2022,DE,REPUBLICANOS,REPUBLICANOS,546106
2022,DF,REPUBLICANOS,REPUBLICANOS,549530
2022,DF,MDB,MDB,586325
2022,DE,MDB,MDB,629558
2022,DF,PL,PL,680192
2022,DE,PP,PP,693464
2022,DF,PT,210001681253,1040725
2022,DE,PT,210001681525,1102508
