ano,cargo,unidade,partido,votos
2002,DE,Centro Ocidental,PAN,56
2002,DE,Centro Ocidental,PC do B,1721
2002,DE,Centro Ocidental,PCB,139
2002,DE,Centro Ocidental,PCO,34
2002,DE,Centro Ocidental,PDT,27576
2002,DE,Centro Ocidental,PFL,7718
2002,DE,Centro Ocidental,PGT,175
2002,DE,Centro Ocidental,PHS,1322
2002,DE,Centro Ocidental,PL,1540
2002,DE,Centro Ocidental,PMDB,34868
2002,DE,Centro Ocidental,PMN,440
2002,DE,Centro Ocidental,PPB,111867
2002,DE,Centro Ocidental,PPS,5382
2002,DE,Centro Ocidental,PRONA,476
2002,DE,Centro Ocidental,PSB,6963
2002,DE,Centro Ocidental,PSC,95
2002,DE,Centro Ocidental,PSDB,9278
2002,DE,Centro Ocidental,PSTU,516
2002,DE,Centro Ocidental,PT,70436
2002,DE,Centro Ocidental,PT do B,27
2002,DE,Centro Ocidental,PTB,25970
2002,DE,Centro Ocidental,PTN,71
2002,DE,Centro Ocidental,PV,259
2002,DE,Centro Oriental,PAN,104
2002,DE,Centro Oriental,PC do B,1073
2002,DE,Centro Oriental,PCB,193
2002,DE,Centro Oriental,PCO,58
2002,DE,Centro Oriental,PDT,49060
2002,DE,Centro Oriental,PFL,37397
2002,DE,Centro Oriental,PGT,158
2002,DE,Centro Oriental,PHS,1111
2002,DE,Centro Oriental,PL,3328
2002,DE,Centro Oriental,PMDB,69612
2002,DE,Centro Oriental,PMN,261
2002,DE,Centro Oriental,PPB,88188
2002,DE,Centro Oriental,PPS,7475
2002,DE,Centro Oriental,PRONA,482
2002,DE,Centro Oriental,PSB,22368
2002,DE,Centro Oriental,PSC,146
2002,DE,Centro Oriental,PSDB,30829
2002,DE,Centro Oriental,PSTU,308
2002,DE,Centro Oriental,PT,72307
2002,DE,Centro Oriental,PT do B,33
2002,DE,Centro Oriental,PTB,67435
2002,DE,Centro Oriental,PTN,92
2002,DE,Centro Oriental,PV,486
2002,DE,Grande POA (sem capital),PAN,1749
2002,DE,Grande POA (sem capital),PC do B,18971
2002,DE,Grande POA (sem capital),PCB,743
2002,DE,Grande POA (sem capital),PCO,328
2002,DE,Grande POA (sem capital),PDT,225421
2002,DE,Grande POA (sem capital),PFL,61637
2002,DE,Grande POA (sem capital),PGT,2481
2002,DE,Grande POA (sem capital),PHS,28762
2002,DE,Grande POA (sem capital),PL,42607
2002,DE,Grande POA (sem capital),PMDB,269121
2002,DE,Grande POA (sem capital),PMN,2312
2002,DE,Grande POA (sem capital),PPB,191233
2002,DE,Grande POA (sem capital),PPS,67152
2002,DE,Grande POA (sem capital),PRONA,5311
2002,DE,Grande POA (sem capital),PSB,90286
2002,DE,Grande POA (sem capital),PSC,2063
2002,DE,Grande POA (sem capital),PSDB,70254
2002,DE,Grande POA (sem capital),PSTU,2438
2002,DE,Grande POA (sem capital),PT,400602
2002,DE,Grande POA (sem capital),PT do B,180
2002,DE,Grande POA (sem capital),PTB,239347
2002,DE,Grande POA (sem capital),PTN,514
2002,DE,Grande POA (sem capital),PV,6214
2002,DE,Nordeste (Serra),PAN,120
2002,DE,Nordeste (Serra),PC do B,18604
2002,DE,Nordeste (Serra),PCB,185
2002,DE,Nordeste (Serra),PCO,111
2002,DE,Nordeste (Serra),PDT,40639
2002,DE,Nordeste (Serra),PFL,25200
2002,DE,Nordeste (Serra),PGT,321
2002,DE,Nordeste (Serra),PHS,11389
2002,DE,Nordeste (Serra),PL,8847
2002,DE,Nordeste (Serra),PMDB,133482
2002,DE,Nordeste (Serra),PMN,460
2002,DE,Nordeste (Serra),PPB,74148
2002,DE,Nordeste (Serra),PPS,10130
2002,DE,Nordeste (Serra),PRONA,1059
2002,DE,Nordeste (Serra),PSB,12891
2002,DE,Nordeste (Serra),PSC,129
2002,DE,Nordeste (Serra),PSDB,67861
2002,DE,Nordeste (Serra),PSTU,574
2002,DE,Nordeste (Serra),PT,99943
2002,DE,Nordeste (Serra),PT do B,48
2002,DE,Nordeste (Serra),PTB,34467
2002,DE,Nordeste (Serra),PTN,106
2002,DE,Nordeste (Serra),PV,1123
2002,DE,Noroeste,PAN,139
2002,DE,Noroeste,PC do B,13213
2002,DE,Noroeste,PCB,551
2002,DE,Noroeste,PCO,143
2002,DE,Noroeste,PDT,194094
2002,DE,Noroeste,PFL,21457
2002,DE,Noroeste,PGT,287
2002,DE,Noroeste,PHS,9704
2002,DE,Noroeste,PL,10204
2002,DE,Noroeste,PMDB,154532
2002,DE,Noroeste,PMN,986
2002,DE,Noroeste,PPB,267433
2002,DE,Noroeste,PPS,23346
2002,DE,Noroeste,PRONA,1023
2002,DE,Noroeste,PSB,36611
2002,DE,Noroeste,PSC,169
2002,DE,Noroeste,PSDB,59537
2002,DE,Noroeste,PSTU,1203
2002,DE,Noroeste,PT,246036
2002,DE,Noroeste,PT do B,102
2002,DE,Noroeste,PTB,123695
2002,DE,Noroeste,PTN,318
2002,DE,Noroeste,PV,740
2002,DE,Porto Alegre,PAN,952
2002,DE,Porto Alegre,PC do B,30275
2002,DE,Porto Alegre,PCB,1773
2002,DE,Porto Alegre,PCO,301
2002,DE,Porto Alegre,PDT,84597
2002,DE,Porto Alegre,PFL,35255
2002,DE,Porto Alegre,PGT,1076
2002,DE,Porto Alegre,PHS,9330
2002,DE,Porto Alegre,PL,22214
2002,DE,Porto Alegre,PMDB,76755
2002,DE,Porto Alegre,PMN,1636
2002,DE,Porto Alegre,PPB,61276
2002,DE,Porto Alegre,PPS,68018
2002,DE,Porto Alegre,PRONA,3914
2002,DE,Porto Alegre,PSB,34313
2002,DE,Porto Alegre,PSC,398
2002,DE,Porto Alegre,PSDB,43042
2002,DE,Porto Alegre,PSTU,2226
2002,DE,Porto Alegre,PT,253867
2002,DE,Porto Alegre,PT do B,115
2002,DE,Porto Alegre,PTB,77802
2002,DE,Porto Alegre,PTN,804
2002,DE,Porto Alegre,PV,8727
2002,DE,Sudeste,PAN,81
2002,DE,Sudeste,PC do B,9266
2002,DE,Sudeste,PCB,218
2002,DE,Sudeste,PCO,87
2002,DE,Sudeste,PDT,29104
2002,DE,Sudeste,PFL,12102
2002,DE,Sudeste,PGT,265
2002,DE,Sudeste,PHS,493
2002,DE,Sudeste,PL,2344
2002,DE,Sudeste,PMDB,86713
2002,DE,Sudeste,PMN,536
2002,DE,Sudeste,PPB,94330
2002,DE,Sudeste,PPS,45486
2002,DE,Sudeste,PRONA,1081
2002,DE,Sudeste,PSB,16038
2002,DE,Sudeste,PSC,157
2002,DE,Sudeste,PSDB,60188
2002,DE,Sudeste,PSTU,739
2002,DE,Sudeste,PT,119639
2002,DE,Sudeste,PT do B,7261
2002,DE,Sudeste,PTB,32755
2002,DE,Sudeste,PTN,132
2002,DE,Sudeste,PV,475
2002,DE,Sudoeste,PAN,86
2002,DE,Sudoeste,PC do B,2330
2002,DE,Sudoeste,PCB,206
2002,DE,Sudoeste,PCO,37
2002,DE,Sudoeste,PDT,35714
2002,DE,Sudoeste,PFL,16264
2002,DE,Sudoeste,PGT,229
2002,DE,Sudoeste,PHS,10931
2002,DE,Sudoeste,PL,1582
2002,DE,Sudoeste,PMDB,33336
2002,DE,Sudoeste,PMN,303
2002,DE,Sudoeste,PPB,83621
2002,DE,Sudoeste,PPS,15970
2002,DE,Sudoeste,PRONA,503
2002,DE,Sudoeste,PSB,26378
2002,DE,Sudoeste,PSC,79
2002,DE,Sudoeste,PSDB,46997
2002,DE,Sudoeste,PSTU,329
2002,DE,Sudoeste,PT,63966
2002,DE,Sudoeste,PT do B,172
2002,DE,Sudoeste,PTB,74691
2002,DE,Sudoeste,PTN,100
2002,DE,Sudoeste,PV,182
2002,DF,Centro Ocidental,PAN,88
2002,DF,Centro Ocidental,PC do B,974
2002,DF,Centro Ocidental,PCB,107
2002,DF,Centro Ocidental,PCO,38
2002,DF,Centro Ocidental,PDT,38706
2002,DF,Centro Ocidental,PFL,4460
2002,DF,Centro Ocidental,PGT,157
2002,DF,Centro Ocidental,PHS,1061
2002,DF,Centro Ocidental,PL,11616
2002,DF,Centro Ocidental,PMDB,48997
2002,DF,Centro Ocidental,PMN,107
2002,DF,Centro Ocidental,PPB,75823
2002,DF,Centro Ocidental,PPS,4096
2002,DF,Centro Ocidental,PRONA,789
2002,DF,Centro Ocidental,PSB,9783
2002,DF,Centro Ocidental,PSC,241
2002,DF,Centro Ocidental,PSDB,9521
2002,DF,Centro Ocidental,PSTU,513
2002,DF,Centro Ocidental,PT,72654
2002,DF,Centro Ocidental,PT do B,23
2002,DF,Centro Ocidental,PTB,13433
2002,DF,Centro Ocidental,PTN,180
2002,DF,Centro Ocidental,PV,340
2002,DF,Centro Oriental,PAN,57
2002,DF,Centro Oriental,PC do B,840
2002,DF,Centro Oriental,PCB,204
2002,DF,Centro Oriental,PCO,133
2002,DF,Centro Oriental,PDT,66723
2002,DF,Centro Oriental,PFL,14233
2002,DF,Centro Oriental,PGT,107
2002,DF,Centro Oriental,PHS,3710
2002,DF,Centro Oriental,PL,5793
2002,DF,Centro Oriental,PMDB,58752
2002,DF,Centro Oriental,PMN,265
2002,DF,Centro Oriental,PPB,118624
2002,DF,Centro Oriental,PPS,11063
2002,DF,Centro Oriental,PRONA,795
2002,DF,Centro Oriental,PSB,5860
2002,DF,Centro Oriental,PSC,704
2002,DF,Centro Oriental,PSDB,9336
2002,DF,Centro Oriental,PSTU,423
2002,DF,Centro Oriental,PT,78701
2002,DF,Centro Oriental,PT do B,20
2002,DF,Centro Oriental,PTB,70604
2002,DF,Centro Oriental,PTN,164
2002,DF,Centro Oriental,PV,350
2002,DF,Grande POA (sem capital),PAN,664
2002,DF,Grande POA (sem capital),PC do B,15019
2002,DF,Grande POA (sem capital),PCB,515
2002,DF,Grande POA (sem capital),PCO,397
2002,DF,Grande POA (sem capital),PDT,143581
2002,DF,Grande POA (sem capital),PFL,54548
2002,DF,Grande POA (sem capital),PGT,607
2002,DF,Grande POA (sem capital),PHS,40862
2002,DF,Grande POA (sem capital),PL,87420
2002,DF,Grande POA (sem capital),PMDB,231247
2002,DF,Grande POA (sem capital),PMN,864
2002,DF,Grande POA (sem capital),PPB,218018
2002,DF,Grande POA (sem capital),PPS,86651
2002,DF,Grande POA (sem capital),PRONA,4644
2002,DF,Grande POA (sem capital),PSB,57710
2002,DF,Grande POA (sem capital),PSC,2674
2002,DF,Grande POA (sem capital),PSDB,99316
2002,DF,Grande POA (sem capital),PSTU,2264
2002,DF,Grande POA (sem capital),PT,466924
2002,DF,Grande POA (sem capital),PT do B,126
2002,DF,Grande POA (sem capital),PTB,189066
2002,DF,Grande POA (sem capital),PTN,1114
2002,DF,Grande POA (sem capital),PV,5937
2002,DF,Nordeste (Serra),PAN,44
2002,DF,Nordeste (Serra),PC do B,6863
2002,DF,Nordeste (Serra),PCB,187
2002,DF,Nordeste (Serra),PCO,518
2002,DF,Nordeste (Serra),PDT,76487
2002,DF,Nordeste (Serra),PFL,7999
2002,DF,Nordeste (Serra),PGT,191
2002,DF,Nordeste (Serra),PHS,3960
2002,DF,Nordeste (Serra),PL,10232
2002,DF,Nordeste (Serra),PMDB,159435
2002,DF,Nordeste (Serra),PMN,294
2002,DF,Nordeste (Serra),PPB,102951
2002,DF,Nordeste (Serra),PPS,4764
2002,DF,Nordeste (Serra),PRONA,1472
2002,DF,Nordeste (Serra),PSB,9128
2002,DF,Nordeste (Serra),PSC,288
2002,DF,Nordeste (Serra),PSDB,17126
2002,DF,Nordeste (Serra),PSTU,558
2002,DF,Nordeste (Serra),PT,109368
2002,DF,Nordeste (Serra),PT do B,43
2002,DF,Nordeste (Serra),PTB,29139
2002,DF,Nordeste (Serra),PTN,225
2002,DF,Nordeste (Serra),PV,1301
2002,DF,Noroeste,PAN,82
2002,DF,Noroeste,PC do B,5245
2002,DF,Noroeste,PCB,444
2002,DF,Noroeste,PCO,369
2002,DF,Noroeste,PDT,147272
2002,DF,Noroeste,PFL,16825
2002,DF,Noroeste,PGT,200
2002,DF,Noroeste,PHS,5833
2002,DF,Noroeste,PL,8306
2002,DF,Noroeste,PMDB,274464
2002,DF,Noroeste,PMN,676
2002,DF,Noroeste,PPB,232274
2002,DF,Noroeste,PPS,15883
2002,DF,Noroeste,PRONA,1805
2002,DF,Noroeste,PSB,45751
2002,DF,Noroeste,PSC,336
2002,DF,Noroeste,PSDB,46354
2002,DF,Noroeste,PSTU,1107
2002,DF,Noroeste,PT,268513
2002,DF,Noroeste,PT do B,50
2002,DF,Noroeste,PTB,83267
2002,DF,Noroeste,PTN,344
2002,DF,Noroeste,PV,748
2002,DF,Porto Alegre,PAN,293
2002,DF,Porto Alegre,PC do B,22770
2002,DF,Porto Alegre,PCB,213
2002,DF,Porto Alegre,PCO,308
2002,DF,Porto Alegre,PDT,99230
2002,DF,Porto Alegre,PFL,47031
2002,DF,Porto Alegre,PGT,238
2002,DF,Porto Alegre,PHS,2281
2002,DF,Porto Alegre,PL,44660
2002,DF,Porto Alegre,PMDB,78703
2002,DF,Porto Alegre,PMN,534
2002,DF,Porto Alegre,PPB,50308
2002,DF,Porto Alegre,PPS,45769
2002,DF,Porto Alegre,PRONA,2484
2002,DF,Porto Alegre,PSB,28011
2002,DF,Porto Alegre,PSC,1312
2002,DF,Porto Alegre,PSDB,56454
2002,DF,Porto Alegre,PSTU,2379
2002,DF,Porto Alegre,PT,268153
2002,DF,Porto Alegre,PT do B,102
2002,DF,Porto Alegre,PTB,56236
2002,DF,Porto Alegre,PTN,1007
2002,DF,Porto Alegre,PV,5908
2002,DF,Sudeste,PAN,40
2002,DF,Sudeste,PC do B,3013
2002,DF,Sudeste,PCB,143
2002,DF,Sudeste,PCO,76
2002,DF,Sudeste,PDT,30562
2002,DF,Sudeste,PFL,6111
2002,DF,Sudeste,PGT,88
2002,DF,Sudeste,PHS,775
2002,DF,Sudeste,PL,14741
2002,DF,Sudeste,PMDB,77495
2002,DF,Sudeste,PMN,170
2002,DF,Sudeste,PPB,157119
2002,DF,Sudeste,PPS,22269
2002,DF,Sudeste,PRONA,1421
2002,DF,Sudeste,PSB,17296
2002,DF,Sudeste,PSC,332
2002,DF,Sudeste,PSDB,45623
2002,DF,Sudeste,PSTU,885
2002,DF,Sudeste,PT,118747
2002,DF,Sudeste,PT do B,331
2002,DF,Sudeste,PTB,17877
2002,DF,Sudeste,PTN,371
2002,DF,Sudeste,PV,738
2002,DF,Sudoeste,PAN,27
2002,DF,Sudoeste,PC do B,1443
2002,DF,Sudoeste,PCB,120
2002,DF,Sudoeste,PCO,48
2002,DF,Sudoeste,PDT,42547
2002,DF,Sudoeste,PFL,7796
2002,DF,Sudoeste,PGT,105
2002,DF,Sudoeste,PHS,1473
2002,DF,Sudoeste,PL,10908
2002,DF,Sudoeste,PMDB,35550
2002,DF,Sudoeste,PMN,102
2002,DF,Sudoeste,PPB,105922
2002,DF,Sudoeste,PPS,15206
2002,DF,Sudoeste,PRONA,991
2002,DF,Sudoeste,PSB,21757
2002,DF,Sudoeste,PSC,277
2002,DF,Sudoeste,PSDB,16341
2002,DF,Sudoeste,PSTU,700
2002,DF,Sudoeste,PT,69437
2002,DF,Sudoeste,PT do B,80
2002,DF,Sudoeste,PTB,70489
2002,DF,Sudoeste,PTN,209
2002,DF,Sudoeste,PV,334
2006,DE,Centro Ocidental,PAN,71
2006,DE,Centro Ocidental,PC do B,1088
2006,DE,Centro Ocidental,PCB,405
2006,DE,Centro Ocidental,PCO,27
2006,DE,Centro Ocidental,PDT,29434
2006,DE,Centro Ocidental,PFL,15741
2006,DE,Centro Ocidental,PHS,441
2006,DE,Centro Ocidental,PL,1163
2006,DE,Centro Ocidental,PMDB,51783
2006,DE,Centro Ocidental,PMN,14
2006,DE,Centro Ocidental,PP,106742
2006,DE,Centro Ocidental,PPS,7405
2006,DE,Centro Ocidental,PRONA,267
2006,DE,Centro Ocidental,PRTB,4
2006,DE,Centro Ocidental,PSB,5525
2006,DE,Centro Ocidental,PSC,383
2006,DE,Centro Ocidental,PSDB,29254
2006,DE,Centro Ocidental,PSDC,31
2006,DE,Centro Ocidental,PSOL,1966
2006,DE,Centro Ocidental,PSTU,358
2006,DE,Centro Ocidental,PT,43891
2006,DE,Centro Ocidental,PT do B,35
2006,DE,Centro Ocidental,PTB,15521
2006,DE,Centro Ocidental,PTC,256
2006,DE,Centro Ocidental,PV,1956
2006,DE,Centro Oriental,PAN,124
2006,DE,Centro Oriental,PC do B,3263
2006,DE,Centro Oriental,PCB,82
2006,DE,Centro Oriental,PCO,28
2006,DE,Centro Oriental,PDT,46760
2006,DE,Centro Oriental,PFL,31505
2006,DE,Centro Oriental,PHS,601
2006,DE,Centro Oriental,PL,9778
2006,DE,Centro Oriental,PMDB,81654
2006,DE,Centro Oriental,PMN,35
2006,DE,Centro Oriental,PP,90253
2006,DE,Centro Oriental,PPS,9626
2006,DE,Centro Oriental,PRONA,325
2006,DE,Centro Oriental,PRTB,12
2006,DE,Centro Oriental,PSB,34917
2006,DE,Centro Oriental,PSC,692
2006,DE,Centro Oriental,PSDB,44460
2006,DE,Centro Oriental,PSDC,33
2006,DE,Centro Oriental,PSL,3
2006,DE,Centro Oriental,PSOL,1331
2006,DE,Centro Oriental,PSTU,316
2006,DE,Centro Oriental,PT,49988
2006,DE,Centro Oriental,PT do B,29
2006,DE,Centro Oriental,PTB,54764
2006,DE,Centro Oriental,PTC,241
2006,DE,Centro Oriental,PV,1206
2006,DE,Grande POA (sem capital),PAN,1666
2006,DE,Grande POA (sem capital),PC do B,19719
2006,DE,Grande POA (sem capital),PCB,524
2006,DE,Grande POA (sem capital),PCO,635
2006,DE,Grande POA (sem capital),PDT,183302
2006,DE,Grande POA (sem capital),PFL,137595
2006,DE,Grande POA (sem capital),PHS,4996
2006,DE,Grande POA (sem capital),PL,12246
2006,DE,Grande POA (sem capital),PMDB,260024
2006,DE,Grande POA (sem capital),PMN,235
2006,DE,Grande POA (sem capital),PP,171230
2006,DE,Grande POA (sem capital),PPS,97889
2006,DE,Grande POA (sem capital),PRONA,2440
2006,DE,Grande POA (sem capital),PRTB,144
2006,DE,Grande POA (sem capital),PSB,91068
2006,DE,Grande POA (sem capital),PSC,7988
2006,DE,Grande POA (sem capital),PSDB,190922
2006,DE,Grande POA (sem capital),PSDC,950
2006,DE,Grande POA (sem capital),PSL,300
2006,DE,Grande POA (sem capital),PSOL,31648
2006,DE,Grande POA (sem capital),PSTU,3798
2006,DE,Grande POA (sem capital),PT,368091
2006,DE,Grande POA (sem capital),PT do B,2316
2006,DE,Grande POA (sem capital),PTB,157838
2006,DE,Grande POA (sem capital),PTC,1740
2006,DE,Grande POA (sem capital),PV,20733
2006,DE,Nordeste (Serra),PAN,186
2006,DE,Nordeste (Serra),PC do B,13967
2006,DE,Nordeste (Serra),PCB,164
2006,DE,Nordeste (Serra),PCO,88
2006,DE,Nordeste (Serra),PDT,77099
2006,DE,Nordeste (Serra),PFL,17022
2006,DE,Nordeste (Serra),PHS,2656
2006,DE,Nordeste (Serra),PL,5957
2006,DE,Nordeste (Serra),PMDB,127602
2006,DE,Nordeste (Serra),PMN,57
2006,DE,Nordeste (Serra),PP,101196
2006,DE,Nordeste (Serra),PPS,23741
2006,DE,Nordeste (Serra),PRONA,698
2006,DE,Nordeste (Serra),PSB,20653
2006,DE,Nordeste (Serra),PSC,1774
2006,DE,Nordeste (Serra),PSDB,35291
2006,DE,Nordeste (Serra),PSDC,46
2006,DE,Nordeste (Serra),PSL,69
2006,DE,Nordeste (Serra),PSOL,2214
2006,DE,Nordeste (Serra),PSTU,373
2006,DE,Nordeste (Serra),PT,88093
2006,DE,Nordeste (Serra),PT do B,70
2006,DE,Nordeste (Serra),PTB,28454
2006,DE,Nordeste (Serra),PTC,208
2006,DE,Nordeste (Serra),PV,3923
2006,DE,Noroeste,PAN,185
2006,DE,Noroeste,PC do B,24948
2006,DE,Noroeste,PCB,167
2006,DE,Noroeste,PCO,45
2006,DE,Noroeste,PDT,226685
2006,DE,Noroeste,PFL,17757
2006,DE,Noroeste,PHS,1087
2006,DE,Noroeste,PL,8837
2006,DE,Noroeste,PMDB,204737
2006,DE,Noroeste,PMN,14
2006,DE,Noroeste,PP,245538
2006,DE,Noroeste,PPS,44560
2006,DE,Noroeste,PRONA,549
2006,DE,Noroeste,PSB,31247
2006,DE,Noroeste,PSC,2960
2006,DE,Noroeste,PSDB,72698
2006,DE,Noroeste,PSDC,73
2006,DE,Noroeste,PSL,29
2006,DE,Noroeste,PSOL,2396
2006,DE,Noroeste,PSTU,624
2006,DE,Noroeste,PT,171399
2006,DE,Noroeste,PT do B,98
2006,DE,Noroeste,PTB,102043
2006,DE,Noroeste,PTC,236
2006,DE,Noroeste,PV,2398
2006,DE,Porto Alegre,PAN,2501
2006,DE,Porto Alegre,PC do B,26392
2006,DE,Porto Alegre,PCB,323
2006,DE,Porto Alegre,PCO,530
2006,DE,Porto Alegre,PDT,73248
2006,DE,Porto Alegre,PFL,71182
2006,DE,Porto Alegre,PHS,968
2006,DE,Porto Alegre,PL,4197
2006,DE,Porto Alegre,PMDB,110619
2006,DE,Porto Alegre,PMN,209
2006,DE,Porto Alegre,PP,60716
2006,DE,Porto Alegre,PPS,76038
2006,DE,Porto Alegre,PRONA,2073
2006,DE,Porto Alegre,PRTB,31
2006,DE,Porto Alegre,PSB,15005
2006,DE,Porto Alegre,PSC,2972
2006,DE,Porto Alegre,PSDB,60792
2006,DE,Porto Alegre,PSDC,595
2006,DE,Porto Alegre,PSL,276
2006,DE,Porto Alegre,PSOL,29450
2006,DE,Porto Alegre,PSTU,6618
2006,DE,Porto Alegre,PT,155847
2006,DE,Porto Alegre,PT do B,281
2006,DE,Porto Alegre,PTB,55321
2006,DE,Porto Alegre,PTC,1797
2006,DE,Porto Alegre,PV,25060
2006,DE,Sudeste,PAN,110
2006,DE,Sudeste,PC do B,8076
2006,DE,Sudeste,PCB,144
2006,DE,Sudeste,PCO,65
2006,DE,Sudeste,PDT,45982
2006,DE,Sudeste,PFL,14497
2006,DE,Sudeste,PHS,152
2006,DE,Sudeste,PL,1279
2006,DE,Sudeste,PMDB,97146
2006,DE,Sudeste,PMN,444
2006,DE,Sudeste,PP,89829
2006,DE,Sudeste,PPS,26846
2006,DE,Sudeste,PRONA,505
2006,DE,Sudeste,PRTB,13
2006,DE,Sudeste,PSB,7248
2006,DE,Sudeste,PSC,733
2006,DE,Sudeste,PSDB,101727
2006,DE,Sudeste,PSDC,52
2006,DE,Sudeste,PSL,22
2006,DE,Sudeste,PSOL,3916
2006,DE,Sudeste,PSTU,541
2006,DE,Sudeste,PT,96730
2006,DE,Sudeste,PT do B,440
2006,DE,Sudeste,PTB,21878
2006,DE,Sudeste,PTC,196
2006,DE,Sudeste,PV,3790
2006,DE,Sudoeste,PAN,88
2006,DE,Sudoeste,PC do B,976
2006,DE,Sudoeste,PCB,568
2006,DE,Sudoeste,PCO,12
2006,DE,Sudoeste,PDT,55492
2006,DE,Sudoeste,PFL,12367
2006,DE,Sudoeste,PHS,141
2006,DE,Sudoeste,PL,729
2006,DE,Sudoeste,PMDB,43171
2006,DE,Sudoeste,PP,90758
2006,DE,Sudoeste,PPS,19251
2006,DE,Sudoeste,PRONA,251
2006,DE,Sudoeste,PSB,14268
2006,DE,Sudoeste,PSC,1456
2006,DE,Sudoeste,PSDB,41150
2006,DE,Sudoeste,PSDC,32
2006,DE,Sudoeste,PSL,7
2006,DE,Sudoeste,PSOL,2038
2006,DE,Sudoeste,PSTU,385
2006,DE,Sudoeste,PT,59244
2006,DE,Sudoeste,PT do B,31
2006,DE,Sudoeste,PTB,69562
2006,DE,Sudoeste,PTC,280
2006,DE,Sudoeste,PV,939
2006,DF,Centro Ocidental,PAN,74
2006,DF,Centro Ocidental,PC do B,6501
2006,DF,Centro Ocidental,PCO,61
2006,DF,Centro Ocidental,PDT,17723
2006,DF,Centro Ocidental,PFL,9418
2006,DF,Centro Ocidental,PHS,686
2006,DF,Centro Ocidental,PL,921
2006,DF,Centro Ocidental,PMDB,54306
2006,DF,Centro Ocidental,PMN,55
2006,DF,Centro Ocidental,PP,78452
2006,DF,Centro Ocidental,PPS,2335
2006,DF,Centro Ocidental,PRONA,1211
2006,DF,Centro Ocidental,PRTB,2
2006,DF,Centro Ocidental,PSB,10539
2006,DF,Centro Ocidental,PSC,3190
2006,DF,Centro Ocidental,PSDB,43951
2006,DF,Centro Ocidental,PSDC,403
2006,DF,Centro Ocidental,PSL,25
2006,DF,Centro Ocidental,PSOL,9979
2006,DF,Centro Ocidental,PSTU,123
2006,DF,Centro Ocidental,PT,46131
2006,DF,Centro Ocidental,PT do B,13
2006,DF,Centro Ocidental,PTB,24848
2006,DF,Centro Ocidental,PTC,33
2006,DF,Centro Ocidental,PV,1564
2006,DF,Centro Oriental,PAN,99
2006,DF,Centro Oriental,PC do B,6180
2006,DF,Centro Oriental,PCO,54
2006,DF,Centro Oriental,PDT,53359
2006,DF,Centro Oriental,PFL,9628
2006,DF,Centro Oriental,PHS,224
2006,DF,Centro Oriental,PL,2383
2006,DF,Centro Oriental,PMDB,63834
2006,DF,Centro Oriental,PMN,126
2006,DF,Centro Oriental,PP,90937
2006,DF,Centro Oriental,PPS,8800
2006,DF,Centro Oriental,PRONA,879
2006,DF,Centro Oriental,PRTB,5
2006,DF,Centro Oriental,PSB,8178
2006,DF,Centro Oriental,PSC,1137
2006,DF,Centro Oriental,PSDB,56457
2006,DF,Centro Oriental,PSDC,83
2006,DF,Centro Oriental,PSL,29
2006,DF,Centro Oriental,PSOL,7151
2006,DF,Centro Oriental,PSTU,124
2006,DF,Centro Oriental,PT,53439
2006,DF,Centro Oriental,PT do B,17
2006,DF,Centro Oriental,PTB,89251
2006,DF,Centro Oriental,PTC,26
2006,DF,Centro Oriental,PV,2098
2006,DF,Grande POA (sem capital),PAN,1734
2006,DF,Grande POA (sem capital),PC do B,135152
2006,DF,Grande POA (sem capital),PCO,767
2006,DF,Grande POA (sem capital),PDT,130437
2006,DF,Grande POA (sem capital),PFL,91901
2006,DF,Grande POA (sem capital),PHS,14658
2006,DF,Grande POA (sem capital),PL,24594
2006,DF,Grande POA (sem capital),PMDB,268482
2006,DF,Grande POA (sem capital),PMN,857
2006,DF,Grande POA (sem capital),PP,161022
2006,DF,Grande POA (sem capital),PPS,30081
2006,DF,Grande POA (sem capital),PRONA,6404
2006,DF,Grande POA (sem capital),PRTB,153
2006,DF,Grande POA (sem capital),PSB,88108
2006,DF,Grande POA (sem capital),PSC,10362
2006,DF,Grande POA (sem capital),PSDB,183315
2006,DF,Grande POA (sem capital),PSDC,685
2006,DF,Grande POA (sem capital),PSL,171
2006,DF,Grande POA (sem capital),PSOL,85610
2006,DF,Grande POA (sem capital),PSTU,850
2006,DF,Grande POA (sem capital),PT,344322
2006,DF,Grande POA (sem capital),PT do B,1257
2006,DF,Grande POA (sem capital),PTB,159716
2006,DF,Grande POA (sem capital),PTC,698
2006,DF,Grande POA (sem capital),PV,30321
2006,DF,Nordeste (Serra),PAN,132
2006,DF,Nordeste (Serra),PC do B,14331
2006,DF,Nordeste (Serra),PCO,94
2006,DF,Nordeste (Serra),PDT,61316
2006,DF,Nordeste (Serra),PFL,11716
2006,DF,Nordeste (Serra),PHS,1084
2006,DF,Nordeste (Serra),PL,2638
2006,DF,Nordeste (Serra),PMDB,126352
2006,DF,Nordeste (Serra),PMN,210
2006,DF,Nordeste (Serra),PP,61650
2006,DF,Nordeste (Serra),PPS,6238
2006,DF,Nordeste (Serra),PRONA,1310
2006,DF,Nordeste (Serra),PRTB,5
2006,DF,Nordeste (Serra),PSB,13501
2006,DF,Nordeste (Serra),PSC,962
2006,DF,Nordeste (Serra),PSDB,51553
2006,DF,Nordeste (Serra),PSDC,36
2006,DF,Nordeste (Serra),PSL,24
2006,DF,Nordeste (Serra),PSOL,7101
2006,DF,Nordeste (Serra),PSTU,172
2006,DF,Nordeste (Serra),PT,149926
2006,DF,Nordeste (Serra),PT do B,24
2006,DF,Nordeste (Serra),PTB,36410
2006,DF,Nordeste (Serra),PTC,112
2006,DF,Nordeste (Serra),PV,3248
2006,DF,Noroeste,PAN,112
2006,DF,Noroeste,PC do B,24451
2006,DF,Noroeste,PCO,84
2006,DF,Noroeste,PDT,161545
2006,DF,Noroeste,PFL,15363
2006,DF,Noroeste,PHS,2341
2006,DF,Noroeste,PL,3357
2006,DF,Noroeste,PMDB,279731
2006,DF,Noroeste,PMN,199
2006,DF,Noroeste,PP,252470
2006,DF,Noroeste,PPS,9644
2006,DF,Noroeste,PRONA,1788
2006,DF,Noroeste,PRTB,6
2006,DF,Noroeste,PSB,81347
2006,DF,Noroeste,PSC,4247
2006,DF,Noroeste,PSDB,42237
2006,DF,Noroeste,PSDC,58
2006,DF,Noroeste,PSL,14
2006,DF,Noroeste,PSOL,11016
2006,DF,Noroeste,PSTU,598
2006,DF,Noroeste,PT,189601
2006,DF,Noroeste,PT do B,165
2006,DF,Noroeste,PTB,70269
2006,DF,Noroeste,PTC,25
2006,DF,Noroeste,PV,3035
2006,DF,Porto Alegre,PAN,1756
2006,DF,Porto Alegre,PC do B,65693
2006,DF,Porto Alegre,PCO,829
2006,DF,Porto Alegre,PDT,87492
2006,DF,Porto Alegre,PFL,54196
2006,DF,Porto Alegre,PHS,948
2006,DF,Porto Alegre,PL,4545
2006,DF,Porto Alegre,PMDB,108043
2006,DF,Porto Alegre,PMN,425
2006,DF,Porto Alegre,PP,42254
2006,DF,Porto Alegre,PPS,16215
2006,DF,Porto Alegre,PRONA,3472
2006,DF,Porto Alegre,PRTB,46
2006,DF,Porto Alegre,PSB,39685
2006,DF,Porto Alegre,PSC,968
2006,DF,Porto Alegre,PSDB,47596
2006,DF,Porto Alegre,PSDC,207
2006,DF,Porto Alegre,PSL,329
2006,DF,Porto Alegre,PSOL,79506
2006,DF,Porto Alegre,PSTU,879
2006,DF,Porto Alegre,PT,150073
2006,DF,Porto Alegre,PT do B,197
2006,DF,Porto Alegre,PTB,53862
2006,DF,Porto Alegre,PTC,350
2006,DF,Porto Alegre,PV,24069
2006,DF,Sudeste,PAN,80
2006,DF,Sudeste,PC do B,16429
2006,DF,Sudeste,PCO,90
2006,DF,Sudeste,PDT,26817
2006,DF,Sudeste,PFL,57333
2006,DF,Sudeste,PHS,210
2006,DF,Sudeste,PL,20215
2006,DF,Sudeste,PMDB,73683
2006,DF,Sudeste,PMN,879
2006,DF,Sudeste,PP,59151
2006,DF,Sudeste,PPS,4865
2006,DF,Sudeste,PRONA,1146
2006,DF,Sudeste,PRTB,2
2006,DF,Sudeste,PSB,14160
2006,DF,Sudeste,PSC,2164
2006,DF,Sudeste,PSDB,56391
2006,DF,Sudeste,PSDC,71
2006,DF,Sudeste,PSL,22
2006,DF,Sudeste,PSOL,15201
2006,DF,Sudeste,PSTU,210
2006,DF,Sudeste,PT,126626
2006,DF,Sudeste,PT do B,20
2006,DF,Sudeste,PTB,31267
2006,DF,Sudeste,PTC,52
2006,DF,Sudeste,PV,8429
2006,DF,Sudoeste,PAN,108
2006,DF,Sudoeste,PC do B,12735
2006,DF,Sudoeste,PCO,71
2006,DF,Sudoeste,PDT,23387
2006,DF,Sudoeste,PFL,14883
2006,DF,Sudoeste,PHS,261
2006,DF,Sudoeste,PL,1908
2006,DF,Sudoeste,PMDB,29252
2006,DF,Sudoeste,PMN,227
2006,DF,Sudoeste,PP,122972
2006,DF,Sudoeste,PPS,13062
2006,DF,Sudoeste,PRONA,855
2006,DF,Sudoeste,PRTB,6
2006,DF,Sudoeste,PSB,29837
2006,DF,Sudoeste,PSC,3420
2006,DF,Sudoeste,PSDB,17364
2006,DF,Sudoeste,PSDC,36
2006,DF,Sudoeste,PSL,63
2006,DF,Sudoeste,PSOL,10582
2006,DF,Sudoeste,PSTU,234
2006,DF,Sudoeste,PT,66614
2006,DF,Sudoeste,PT do B,46
2006,DF,Sudoeste,PTB,58815
2006,DF,Sudoeste,PTC,55
2006,DF,Sudoeste,PV,1975
2010,DE,Centro Ocidental,DEM,2426
2010,DE,Centro Ocidental,PC do B,1828
2010,DE,Centro Ocidental,PCB,51
2010,DE,Centro Ocidental,PDT,16837
2010,DE,Centro Ocidental,PHS,114
2010,DE,Centro Ocidental,PMDB,44945
2010,DE,Centro Ocidental,PMN,54
2010,DE,Centro Ocidental,PP,72104
2010,DE,Centro Ocidental,PPS,2226
2010,DE,Centro Ocidental,PR,296
2010,DE,Centro Ocidental,PRB,2141
2010,DE,Centro Ocidental,PRP,1401
2010,DE,Centro Ocidental,PSB,7523
2010,DE,Centro Ocidental,PSC,2415
2010,DE,Centro Ocidental,PSDB,47213
2010,DE,Centro Ocidental,PSDC,9
2010,DE,Centro Ocidental,PSL,113
2010,DE,Centro Ocidental,PSOL,3693
2010,DE,Centro Ocidental,PSTU,262
2010,DE,Centro Ocidental,PT,95805
2010,DE,Centro Ocidental,PT do B,29
2010,DE,Centro Ocidental,PTB,17933
2010,DE,Centro Ocidental,PTC,130
2010,DE,Centro Ocidental,PTN,29
2010,DE,Centro Ocidental,PV,1781
2010,DE,Centro Oriental,DEM,6244
2010,DE,Centro Oriental,PC do B,4414
2010,DE,Centro Oriental,PCB,136
2010,DE,Centro Oriental,PDT,58498
2010,DE,Centro Oriental,PHS,121
2010,DE,Centro Oriental,PMDB,78729
2010,DE,Centro Oriental,PMN,117
2010,DE,Centro Oriental,PP,78992
2010,DE,Centro Oriental,PPS,6130
2010,DE,Centro Oriental,PR,712
2010,DE,Centro Oriental,PRB,2919
2010,DE,Centro Oriental,PRP,761
2010,DE,Centro Oriental,PSB,42713
2010,DE,Centro Oriental,PSC,1428
2010,DE,Centro Oriental,PSDB,52094
2010,DE,Centro Oriental,PSDC,46
2010,DE,Centro Oriental,PSL,173
2010,DE,Centro Oriental,PSOL,1742
2010,DE,Centro Oriental,PSTU,358
2010,DE,Centro Oriental,PT,83940
2010,DE,Centro Oriental,PT do B,274
2010,DE,Centro Oriental,PTB,56236
2010,DE,Centro Oriental,PTC,680
2010,DE,Centro Oriental,PTN,76
2010,DE,Centro Oriental,PV,2423
2010,DE,Grande POA (sem capital),DEM,54813
2010,DE,Grande POA (sem capital),PC do B,48570
2010,DE,Grande POA (sem capital),PCB,384
2010,DE,Grande POA (sem capital),PDT,204606
2010,DE,Grande POA (sem capital),PHS,757
2010,DE,Grande POA (sem capital),PMDB,274328
2010,DE,Grande POA (sem capital),PMN,783
2010,DE,Grande POA (sem capital),PP,146275
2010,DE,Grande POA (sem capital),PPS,37280
2010,DE,Grande POA (sem capital),PR,11985
2010,DE,Grande POA (sem capital),PRB,32288
2010,DE,Grande POA (sem capital),PRP,2110
2010,DE,Grande POA (sem capital),PSB,83558
2010,DE,Grande POA (sem capital),PSC,8208
2010,DE,Grande POA (sem capital),PSDB,192324
2010,DE,Grande POA (sem capital),PSDC,397
2010,DE,Grande POA (sem capital),PSL,381
2010,DE,Grande POA (sem capital),PSOL,24490
2010,DE,Grande POA (sem capital),PSTU,2151
2010,DE,Grande POA (sem capital),PT,502220
2010,DE,Grande POA (sem capital),PT do B,2549
2010,DE,Grande POA (sem capital),PTB,223508
2010,DE,Grande POA (sem capital),PTC,761
2010,DE,Grande POA (sem capital),PTN,830
2010,DE,Grande POA (sem capital),PV,37665
2010,DE,Nordeste (Serra),DEM,10562
2010,DE,Nordeste (Serra),PC do B,22937
2010,DE,Nordeste (Serra),PCB,211
2010,DE,Nordeste (Serra),PDT,115409
2010,DE,Nordeste (Serra),PHS,177
2010,DE,Nordeste (Serra),PMDB,125867
2010,DE,Nordeste (Serra),PMN,120
2010,DE,Nordeste (Serra),PP,68015
2010,DE,Nordeste (Serra),PPS,9506
2010,DE,Nordeste (Serra),PR,821
2010,DE,Nordeste (Serra),PRB,7321
2010,DE,Nordeste (Serra),PRP,648
2010,DE,Nordeste (Serra),PSB,19037
2010,DE,Nordeste (Serra),PSC,1339
2010,DE,Nordeste (Serra),PSDB,33328
2010,DE,Nordeste (Serra),PSDC,85
2010,DE,Nordeste (Serra),PSL,139
2010,DE,Nordeste (Serra),PSOL,3345
2010,DE,Nordeste (Serra),PSTU,427
2010,DE,Nordeste (Serra),PT,126952
2010,DE,Nordeste (Serra),PT do B,122
2010,DE,Nordeste (Serra),PTB,47976
2010,DE,Nordeste (Serra),PTC,205
2010,DE,Nordeste (Serra),PTN,91
2010,DE,Nordeste (Serra),PV,4495
2010,DE,Noroeste,DEM,16241
2010,DE,Noroeste,PC do B,26524
2010,DE,Noroeste,PCB,252
2010,DE,Noroeste,PDT,195006
2010,DE,Noroeste,PHS,463
2010,DE,Noroeste,PMDB,184891
2010,DE,Noroeste,PMN,333
2010,DE,Noroeste,PP,240866
2010,DE,Noroeste,PPS,54982
2010,DE,Noroeste,PR,2114
2010,DE,Noroeste,PRB,6304
2010,DE,Noroeste,PRP,1466
2010,DE,Noroeste,PSB,35899
2010,DE,Noroeste,PSC,3423
2010,DE,Noroeste,PSDB,83544
2010,DE,Noroeste,PSDC,42
2010,DE,Noroeste,PSL,149
2010,DE,Noroeste,PSOL,6065
2010,DE,Noroeste,PSTU,693
2010,DE,Noroeste,PT,232534
2010,DE,Noroeste,PT do B,270
2010,DE,Noroeste,PTB,105007
2010,DE,Noroeste,PTC,302
2010,DE,Noroeste,PTN,213
2010,DE,Noroeste,PV,3536
2010,DE,Porto Alegre,DEM,25248
2010,DE,Porto Alegre,PC do B,43029
2010,DE,Porto Alegre,PCB,283
2010,DE,Porto Alegre,PDT,109511
2010,DE,Porto Alegre,PHS,215
2010,DE,Porto Alegre,PMDB,75428
2010,DE,Porto Alegre,PMN,520
2010,DE,Porto Alegre,PP,63500
2010,DE,Porto Alegre,PPS,30112
2010,DE,Porto Alegre,PR,3525
2010,DE,Porto Alegre,PRB,18170
2010,DE,Porto Alegre,PRP,1968
2010,DE,Porto Alegre,PSB,16430
2010,DE,Porto Alegre,PSC,2150
2010,DE,Porto Alegre,PSDB,58805
2010,DE,Porto Alegre,PSDC,103
2010,DE,Porto Alegre,PSL,226
2010,DE,Porto Alegre,PSOL,35425
2010,DE,Porto Alegre,PSTU,2889
2010,DE,Porto Alegre,PT,203476
2010,DE,Porto Alegre,PT do B,896
2010,DE,Porto Alegre,PTB,70034
2010,DE,Porto Alegre,PTC,337
2010,DE,Porto Alegre,PTN,155
2010,DE,Porto Alegre,PV,28403
2010,DE,Sudeste,DEM,5043
2010,DE,Sudeste,PC do B,6859
2010,DE,Sudeste,PCB,131
2010,DE,Sudeste,PDT,41596
2010,DE,Sudeste,PHS,245
2010,DE,Sudeste,PMDB,75085
2010,DE,Sudeste,PMN,130
2010,DE,Sudeste,PP,48996
2010,DE,Sudeste,PPS,2641
2010,DE,Sudeste,PR,336
2010,DE,Sudeste,PRB,5966
2010,DE,Sudeste,PRP,885
2010,DE,Sudeste,PSB,52752
2010,DE,Sudeste,PSC,2070
2010,DE,Sudeste,PSDB,102739
2010,DE,Sudeste,PSDC,175
2010,DE,Sudeste,PSL,70
2010,DE,Sudeste,PSOL,3767
2010,DE,Sudeste,PSTU,630
2010,DE,Sudeste,PT,157123
2010,DE,Sudeste,PT do B,64
2010,DE,Sudeste,PTB,21414
2010,DE,Sudeste,PTC,179
2010,DE,Sudeste,PTN,70
2010,DE,Sudeste,PV,5487
2010,DE,Sudoeste,DEM,3610
2010,DE,Sudoeste,PC do B,2239
2010,DE,Sudoeste,PCB,95
2010,DE,Sudoeste,PDT,40331
2010,DE,Sudoeste,PHS,130
2010,DE,Sudoeste,PMDB,37658
2010,DE,Sudoeste,PMN,110
2010,DE,Sudoeste,PP,66733
2010,DE,Sudoeste,PPS,5678
2010,DE,Sudoeste,PR,1382
2010,DE,Sudoeste,PRB,4343
2010,DE,Sudoeste,PRP,1347
2010,DE,Sudoeste,PSB,25759
2010,DE,Sudoeste,PSC,1117
2010,DE,Sudoeste,PSDB,52620
2010,DE,Sudoeste,PSDC,21
2010,DE,Sudoeste,PSL,177
2010,DE,Sudoeste,PSOL,2390
2010,DE,Sudoeste,PSTU,275
2010,DE,Sudoeste,PT,103631
2010,DE,Sudoeste,PT do B,44
2010,DE,Sudoeste,PTB,62762
2010,DE,Sudoeste,PTC,1974
2010,DE,Sudoeste,PTN,72
2010,DE,Sudoeste,PV,1955
2010,DF,Centro Ocidental,DEM,3794
2010,DF,Centro Ocidental,PC do B,11379
2010,DF,Centro Ocidental,PCB,118
2010,DF,Centro Ocidental,PDT,17640
2010,DF,Centro Ocidental,PHS,102
2010,DF,Centro Ocidental,PMDB,32434
2010,DF,Centro Ocidental,PMN,62
2010,DF,Centro Ocidental,PP,72941
2010,DF,Centro Ocidental,PPS,898
2010,DF,Centro Ocidental,PR,492
2010,DF,Centro Ocidental,PRB,2101
2010,DF,Centro Ocidental,PRP,1188
2010,DF,Centro Ocidental,PSB,9921
2010,DF,Centro Ocidental,PSC,3654
2010,DF,Centro Ocidental,PSDB,22156
2010,DF,Centro Ocidental,PSDC,43
2010,DF,Centro Ocidental,PSL,58
2010,DF,Centro Ocidental,PSOL,5260
2010,DF,Centro Ocidental,PSTU,227
2010,DF,Centro Ocidental,PT,120145
2010,DF,Centro Ocidental,PT do B,17
2010,DF,Centro Ocidental,PTB,10889
2010,DF,Centro Ocidental,PTC,39
2010,DF,Centro Ocidental,PTN,36
2010,DF,Centro Ocidental,PV,1824
2010,DF,Centro Oriental,DEM,31592
2010,DF,Centro Oriental,PC do B,19739
2010,DF,Centro Oriental,PCB,131
2010,DF,Centro Oriental,PDT,59371
2010,DF,Centro Oriental,PHS,103
2010,DF,Centro Oriental,PMDB,56738
2010,DF,Centro Oriental,PMN,222
2010,DF,Centro Oriental,PP,103408
2010,DF,Centro Oriental,PPS,1696
2010,DF,Centro Oriental,PR,520
2010,DF,Centro Oriental,PRB,2591
2010,DF,Centro Oriental,PRP,419
2010,DF,Centro Oriental,PSB,12878
2010,DF,Centro Oriental,PSC,3912
2010,DF,Centro Oriental,PSDB,12819
2010,DF,Centro Oriental,PSDC,74
2010,DF,Centro Oriental,PSL,120
2010,DF,Centro Oriental,PSOL,4125
2010,DF,Centro Oriental,PSTU,917
2010,DF,Centro Oriental,PT,67729
2010,DF,Centro Oriental,PT do B,41
2010,DF,Centro Oriental,PTB,94026
2010,DF,Centro Oriental,PTC,86
2010,DF,Centro Oriental,PTN,50
2010,DF,Centro Oriental,PV,1716
2010,DF,Grande POA (sem capital),DEM,58923
2010,DF,Grande POA (sem capital),PC do B,254661
2010,DF,Grande POA (sem capital),PCB,531
2010,DF,Grande POA (sem capital),PDT,112191
2010,DF,Grande POA (sem capital),PHS,844
2010,DF,Grande POA (sem capital),PMDB,226378
2010,DF,Grande POA (sem capital),PMN,1568
2010,DF,Grande POA (sem capital),PP,158142
2010,DF,Grande POA (sem capital),PPS,9923
2010,DF,Grande POA (sem capital),PR,3626
2010,DF,Grande POA (sem capital),PRB,29473
2010,DF,Grande POA (sem capital),PRP,1718
2010,DF,Grande POA (sem capital),PSB,117474
2010,DF,Grande POA (sem capital),PSC,28311
2010,DF,Grande POA (sem capital),PSDB,106332
2010,DF,Grande POA (sem capital),PSDC,472
2010,DF,Grande POA (sem capital),PSL,392
2010,DF,Grande POA (sem capital),PSOL,69700
2010,DF,Grande POA (sem capital),PSTU,3664
2010,DF,Grande POA (sem capital),PT,453631
2010,DF,Grande POA (sem capital),PT do B,455
2010,DF,Grande POA (sem capital),PTB,208084
2010,DF,Grande POA (sem capital),PTC,1699
2010,DF,Grande POA (sem capital),PTN,265
2010,DF,Grande POA (sem capital),PV,32495
2010,DF,Nordeste (Serra),DEM,9950
2010,DF,Nordeste (Serra),PC do B,69828
2010,DF,Nordeste (Serra),PCB,181
2010,DF,Nordeste (Serra),PDT,47442
2010,DF,Nordeste (Serra),PHS,118
2010,DF,Nordeste (Serra),PMDB,91061
2010,DF,Nordeste (Serra),PMN,197
2010,DF,Nordeste (Serra),PP,74093
2010,DF,Nordeste (Serra),PPS,13547
2010,DF,Nordeste (Serra),PR,5377
2010,DF,Nordeste (Serra),PRB,6444
2010,DF,Nordeste (Serra),PRP,534
2010,DF,Nordeste (Serra),PSB,18451
2010,DF,Nordeste (Serra),PSC,6609
2010,DF,Nordeste (Serra),PSDB,24363
2010,DF,Nordeste (Serra),PSDC,72
2010,DF,Nordeste (Serra),PSL,131
2010,DF,Nordeste (Serra),PSOL,4984
2010,DF,Nordeste (Serra),PSTU,323
2010,DF,Nordeste (Serra),PT,166562
2010,DF,Nordeste (Serra),PT do B,255
2010,DF,Nordeste (Serra),PTB,47199
2010,DF,Nordeste (Serra),PTC,119
2010,DF,Nordeste (Serra),PTN,76
2010,DF,Nordeste (Serra),PV,4998
2010,DF,Noroeste,DEM,23117
2010,DF,Noroeste,PC do B,51676
2010,DF,Noroeste,PCB,285
2010,DF,Noroeste,PDT,132135
2010,DF,Noroeste,PHS,374
2010,DF,Noroeste,PMDB,235538
2010,DF,Noroeste,PMN,399
2010,DF,Noroeste,PP,246816
2010,DF,Noroeste,PPS,2407
2010,DF,Noroeste,PR,3152
2010,DF,Noroeste,PRB,4048
2010,DF,Noroeste,PRP,1258
2010,DF,Noroeste,PSB,103814
2010,DF,Noroeste,PSC,7545
2010,DF,Noroeste,PSDB,29604
2010,DF,Noroeste,PSDC,68
2010,DF,Noroeste,PSL,176
2010,DF,Noroeste,PSOL,6275
2010,DF,Noroeste,PSTU,523
2010,DF,Noroeste,PT,255445
2010,DF,Noroeste,PT do B,118
2010,DF,Noroeste,PTB,81894
2010,DF,Noroeste,PTC,228
2010,DF,Noroeste,PTN,114
2010,DF,Noroeste,PV,2908
2010,DF,Porto Alegre,DEM,33837
2010,DF,Porto Alegre,PC do B,101299
2010,DF,Porto Alegre,PCB,405
2010,DF,Porto Alegre,PDT,78806
2010,DF,Porto Alegre,PHS,214
2010,DF,Porto Alegre,PMDB,68320
2010,DF,Porto Alegre,PMN,1327
2010,DF,Porto Alegre,PP,24285
2010,DF,Porto Alegre,PPS,4373
2010,DF,Porto Alegre,PR,1224
2010,DF,Porto Alegre,PRB,14624
2010,DF,Porto Alegre,PRP,3429
2010,DF,Porto Alegre,PSB,37876
2010,DF,Porto Alegre,PSC,6355
2010,DF,Porto Alegre,PSDB,45082
2010,DF,Porto Alegre,PSDC,159
2010,DF,Porto Alegre,PSL,519
2010,DF,Porto Alegre,PSOL,73742
2010,DF,Porto Alegre,PSTU,2195
2010,DF,Porto Alegre,PT,193051
2010,DF,Porto Alegre,PT do B,245
2010,DF,Porto Alegre,PTB,75041
2010,DF,Porto Alegre,PTC,269
2010,DF,Porto Alegre,PTN,99
2010,DF,Porto Alegre,PV,24434
2010,DF,Sudeste,DEM,46840
2010,DF,Sudeste,PC do B,35377
2010,DF,Sudeste,PCB,160
2010,DF,Sudeste,PDT,21891
2010,DF,Sudeste,PHS,151
2010,DF,Sudeste,PMDB,38061
2010,DF,Sudeste,PMN,145
2010,DF,Sudeste,PP,42241
2010,DF,Sudeste,PPS,1689
2010,DF,Sudeste,PR,564
2010,DF,Sudeste,PRB,5605
2010,DF,Sudeste,PRP,411
2010,DF,Sudeste,PSB,15834
2010,DF,Sudeste,PSC,4983
2010,DF,Sudeste,PSDB,60238
2010,DF,Sudeste,PSDC,84
2010,DF,Sudeste,PSL,88
2010,DF,Sudeste,PSOL,9218
2010,DF,Sudeste,PSTU,425
2010,DF,Sudeste,PT,184449
2010,DF,Sudeste,PT do B,30
2010,DF,Sudeste,PTB,45516
2010,DF,Sudeste,PTC,70
2010,DF,Sudeste,PTN,60
2010,DF,Sudeste,PV,4080
2010,DF,Sudoeste,DEM,10774
2010,DF,Sudoeste,PC do B,17685
2010,DF,Sudoeste,PCB,146
2010,DF,Sudoeste,PDT,49445
2010,DF,Sudoeste,PHS,118
2010,DF,Sudoeste,PMDB,28791
2010,DF,Sudoeste,PMN,87
2010,DF,Sudoeste,PP,97426
2010,DF,Sudoeste,PPS,4476
2010,DF,Sudoeste,PR,4620
2010,DF,Sudoeste,PRB,4323
2010,DF,Sudoeste,PRP,855
2010,DF,Sudoeste,PSB,28087
2010,DF,Sudoeste,PSC,6126
2010,DF,Sudoeste,PSDB,17424
2010,DF,Sudoeste,PSDC,37
2010,DF,Sudoeste,PSL,75
2010,DF,Sudoeste,PSOL,6274
2010,DF,Sudoeste,PSTU,305
2010,DF,Sudoeste,PT,92611
2010,DF,Sudoeste,PT do B,21
2010,DF,Sudoeste,PTB,25566
2010,DF,Sudoeste,PTC,96
2010,DF,Sudoeste,PTN,46
2010,DF,Sudoeste,PV,4277
2014,DE,Centro Ocidental,DEM,5570
2014,DE,Centro Ocidental,PC do B,7764
2014,DE,Centro Ocidental,PCB,94
2014,DE,Centro Ocidental,PDT,29857
2014,DE,Centro Ocidental,PEN,197
2014,DE,Centro Ocidental,PHS,97
2014,DE,Centro Ocidental,PMDB,24337
2014,DE,Centro Ocidental,PMN,117
2014,DE,Centro Ocidental,PP,40585
2014,DE,Centro Ocidental,PPL,24407
2014,DE,Centro Ocidental,PPS,762
2014,DE,Centro Ocidental,PR,3265
2014,DE,Centro Ocidental,PRB,3279
2014,DE,Centro Ocidental,PROS,91
2014,DE,Centro Ocidental,PRP,256
2014,DE,Centro Ocidental,PRTB,217
2014,DE,Centro Ocidental,PSB,24048
2014,DE,Centro Ocidental,PSC,1440
2014,DE,Centro Ocidental,PSD,2183
2014,DE,Centro Ocidental,PSDB,40789
2014,DE,Centro Ocidental,PSDC,27
2014,DE,Centro Ocidental,PSL,222
2014,DE,Centro Ocidental,PSOL,2250
2014,DE,Centro Ocidental,PSTU,225
2014,DE,Centro Ocidental,PT,75767
2014,DE,Centro Ocidental,PT do B,43
2014,DE,Centro Ocidental,PTB,15782
2014,DE,Centro Ocidental,PTC,44
2014,DE,Centro Ocidental,PV,885
2014,DE,Centro Ocidental,SD,6172
2014,DE,Centro Oriental,DEM,4093
2014,DE,Centro Oriental,PC do B,15805
2014,DE,Centro Oriental,PCB,124
2014,DE,Centro Oriental,PDT,66920
2014,DE,Centro Oriental,PEN,425
2014,DE,Centro Oriental,PHS,96
2014,DE,Centro Oriental,PMDB,68171
2014,DE,Centro Oriental,PMN,120
2014,DE,Centro Oriental,PP,69378
2014,DE,Centro Oriental,PPL,1812
2014,DE,Centro Oriental,PPS,1158
2014,DE,Centro Oriental,PR,8080
2014,DE,Centro Oriental,PRB,8509
2014,DE,Centro Oriental,PROS,270
2014,DE,Centro Oriental,PRP,285
2014,DE,Centro Oriental,PRTB,125
2014,DE,Centro Oriental,PSB,25994
2014,DE,Centro Oriental,PSC,870
2014,DE,Centro Oriental,PSD,4467
2014,DE,Centro Oriental,PSDB,23604
2014,DE,Centro Oriental,PSDC,78
2014,DE,Centro Oriental,PSL,449
2014,DE,Centro Oriental,PSOL,1641
2014,DE,Centro Oriental,PSTU,223
2014,DE,Centro Oriental,PT,87968
2014,DE,Centro Oriental,PT do B,843
2014,DE,Centro Oriental,PTB,82617
2014,DE,Centro Oriental,PTC,91
2014,DE,Centro Oriental,PV,2567
2014,DE,Centro Oriental,SD,1847
2014,DE,Grande POA (sem capital),DEM,20961
2014,DE,Grande POA (sem capital),PC do B,129443
2014,DE,Grande POA (sem capital),PCB,549
2014,DE,Grande POA (sem capital),PDT,190384
2014,DE,Grande POA (sem capital),PEN,3931
2014,DE,Grande POA (sem capital),PHS,526
2014,DE,Grande POA (sem capital),PMDB,253497
2014,DE,Grande POA (sem capital),PMN,986
2014,DE,Grande POA (sem capital),PP,218835
2014,DE,Grande POA (sem capital),PPL,14015
2014,DE,Grande POA (sem capital),PPS,14424
2014,DE,Grande POA (sem capital),PR,24551
2014,DE,Grande POA (sem capital),PRB,43503
2014,DE,Grande POA (sem capital),PROS,3767
2014,DE,Grande POA (sem capital),PRP,1322
2014,DE,Grande POA (sem capital),PRTB,1613
2014,DE,Grande POA (sem capital),PSB,147419
2014,DE,Grande POA (sem capital),PSC,10714
2014,DE,Grande POA (sem capital),PSD,29311
2014,DE,Grande POA (sem capital),PSDB,115399
2014,DE,Grande POA (sem capital),PSDC,5017
2014,DE,Grande POA (sem capital),PSL,12335
2014,DE,Grande POA (sem capital),PSOL,22434
2014,DE,Grande POA (sem capital),PSTU,2397
2014,DE,Grande POA (sem capital),PT,371598
2014,DE,Grande POA (sem capital),PT do B,2126
2014,DE,Grande POA (sem capital),PTB,154225
2014,DE,Grande POA (sem capital),PTC,1581
2014,DE,Grande POA (sem capital),PV,33445
2014,DE,Grande POA (sem capital),SD,22424
2014,DE,Nordeste (Serra),DEM,7477
2014,DE,Nordeste (Serra),PC do B,43992
2014,DE,Nordeste (Serra),PCB,266
2014,DE,Nordeste (Serra),PDT,83122
2014,DE,Nordeste (Serra),PEN,1189
2014,DE,Nordeste (Serra),PHS,150
2014,DE,Nordeste (Serra),PMDB,120883
2014,DE,Nordeste (Serra),PMN,265
2014,DE,Nordeste (Serra),PP,86123
2014,DE,Nordeste (Serra),PPL,712
2014,DE,Nordeste (Serra),PPS,2928
2014,DE,Nordeste (Serra),PR,6946
2014,DE,Nordeste (Serra),PRB,23924
2014,DE,Nordeste (Serra),PROS,4864
2014,DE,Nordeste (Serra),PRP,422
2014,DE,Nordeste (Serra),PRTB,663
2014,DE,Nordeste (Serra),PSB,33413
2014,DE,Nordeste (Serra),PSC,6452
2014,DE,Nordeste (Serra),PSD,9699
2014,DE,Nordeste (Serra),PSDB,14471
2014,DE,Nordeste (Serra),PSDC,165
2014,DE,Nordeste (Serra),PSL,1024
2014,DE,Nordeste (Serra),PSOL,2716
2014,DE,Nordeste (Serra),PSTU,345
2014,DE,Nordeste (Serra),PT,92406
2014,DE,Nordeste (Serra),PT do B,1286
2014,DE,Nordeste (Serra),PTB,40011
2014,DE,Nordeste (Serra),PTC,224
2014,DE,Nordeste (Serra),PV,11897
2014,DE,Nordeste (Serra),SD,2795
2014,DE,Noroeste,DEM,13461
2014,DE,Noroeste,PC do B,56763
2014,DE,Noroeste,PCB,329
2014,DE,Noroeste,PDT,224480
2014,DE,Noroeste,PEN,571
2014,DE,Noroeste,PHS,365
2014,DE,Noroeste,PMDB,175320
2014,DE,Noroeste,PMN,380
2014,DE,Noroeste,PP,240130
2014,DE,Noroeste,PPL,2143
2014,DE,Noroeste,PPS,9388
2014,DE,Noroeste,PR,7397
2014,DE,Noroeste,PRB,8556
2014,DE,Noroeste,PROS,1343
2014,DE,Noroeste,PRP,550
2014,DE,Noroeste,PRTB,2350
2014,DE,Noroeste,PSB,65484
2014,DE,Noroeste,PSC,11895
2014,DE,Noroeste,PSD,9869
2014,DE,Noroeste,PSDB,31100
2014,DE,Noroeste,PSDC,95
2014,DE,Noroeste,PSL,977
2014,DE,Noroeste,PSOL,3592
2014,DE,Noroeste,PSTU,598
2014,DE,Noroeste,PT,215867
2014,DE,Noroeste,PT do B,1126
2014,DE,Noroeste,PTB,103542
2014,DE,Noroeste,PTC,246
2014,DE,Noroeste,PV,2915
2014,DE,Noroeste,SD,7875
2014,DE,Porto Alegre,DEM,13659
2014,DE,Porto Alegre,PC do B,70741
2014,DE,Porto Alegre,PCB,385
2014,DE,Porto Alegre,PDT,119559
2014,DE,Porto Alegre,PEN,1376
2014,DE,Porto Alegre,PHS,194
2014,DE,Porto Alegre,PMDB,78366
2014,DE,Porto Alegre,PMN,1091
2014,DE,Porto Alegre,PP,63681
2014,DE,Porto Alegre,PPL,3321
2014,DE,Porto Alegre,PPS,15172
2014,DE,Porto Alegre,PR,5638
2014,DE,Porto Alegre,PRB,23598
2014,DE,Porto Alegre,PROS,5893
2014,DE,Porto Alegre,PRP,417
2014,DE,Porto Alegre,PRTB,1856
2014,DE,Porto Alegre,PSB,28452
2014,DE,Porto Alegre,PSC,2575
2014,DE,Porto Alegre,PSD,22257
2014,DE,Porto Alegre,PSDB,31979
2014,DE,Porto Alegre,PSDC,411
2014,DE,Porto Alegre,PSL,1788
2014,DE,Porto Alegre,PSOL,55626
2014,DE,Porto Alegre,PSTU,4138
2014,DE,Porto Alegre,PT,131720
2014,DE,Porto Alegre,PT do B,754
2014,DE,Porto Alegre,PTB,49249
2014,DE,Porto Alegre,PTC,398
2014,DE,Porto Alegre,PV,9439
2014,DE,Porto Alegre,SD,7510
2014,DE,Sudeste,DEM,16257
2014,DE,Sudeste,PC do B,17588
2014,DE,Sudeste,PCB,222
2014,DE,Sudeste,PDT,47641
2014,DE,Sudeste,PEN,172
2014,DE,Sudeste,PHS,156
2014,DE,Sudeste,PMDB,85418
2014,DE,Sudeste,PMN,119
2014,DE,Sudeste,PP,37730
2014,DE,Sudeste,PPL,1042
2014,DE,Sudeste,PPS,10943
2014,DE,Sudeste,PR,4620
2014,DE,Sudeste,PRB,7354
2014,DE,Sudeste,PROS,486
2014,DE,Sudeste,PRP,1235
2014,DE,Sudeste,PRTB,185
2014,DE,Sudeste,PSB,35183
2014,DE,Sudeste,PSC,1548
2014,DE,Sudeste,PSD,2665
2014,DE,Sudeste,PSDB,68720
2014,DE,Sudeste,PSDC,92
2014,DE,Sudeste,PSL,784
2014,DE,Sudeste,PSOL,25655
2014,DE,Sudeste,PSTU,270
2014,DE,Sudeste,PT,122859
2014,DE,Sudeste,PT do B,610
2014,DE,Sudeste,PTB,21118
2014,DE,Sudeste,PTC,114
2014,DE,Sudeste,PV,3777
2014,DE,Sudeste,SD,7137
2014,DE,Sudoeste,DEM,1884
2014,DE,Sudoeste,PC do B,16715
2014,DE,Sudoeste,PCB,278
2014,DE,Sudoeste,PDT,39805
2014,DE,Sudoeste,PEN,820
2014,DE,Sudoeste,PHS,117
2014,DE,Sudoeste,PMDB,34462
2014,DE,Sudoeste,PMN,110
2014,DE,Sudoeste,PP,74033
2014,DE,Sudoeste,PPL,1044
2014,DE,Sudoeste,PPS,833
2014,DE,Sudoeste,PR,6337
2014,DE,Sudoeste,PRB,5161
2014,DE,Sudoeste,PROS,175
2014,DE,Sudoeste,PRP,289
2014,DE,Sudoeste,PRTB,331
2014,DE,Sudoeste,PSB,13666
2014,DE,Sudoeste,PSC,2379
2014,DE,Sudoeste,PSD,11384
2014,DE,Sudoeste,PSDB,36772
2014,DE,Sudoeste,PSDC,107
2014,DE,Sudoeste,PSL,720
2014,DE,Sudoeste,PSOL,1755
2014,DE,Sudoeste,PSTU,184
2014,DE,Sudoeste,PT,77420
2014,DE,Sudoeste,PT do B,174
2014,DE,Sudoeste,PTB,53296
2014,DE,Sudoeste,PTC,34
2014,DE,Sudoeste,PV,930
2014,DE,Sudoeste,SD,13490
2014,DF,Centro Ocidental,DEM,6339
2014,DF,Centro Ocidental,PC do B,3468
2014,DF,Centro Ocidental,PCB,111
2014,DF,Centro Ocidental,PDT,15091
2014,DF,Centro Ocidental,PEN,87
2014,DF,Centro Ocidental,PHS,167
2014,DF,Centro Ocidental,PMDB,28564
2014,DF,Centro Ocidental,PMN,105
2014,DF,Centro Ocidental,PP,62994
2014,DF,Centro Ocidental,PPL,424
2014,DF,Centro Ocidental,PPS,135
2014,DF,Centro Ocidental,PR,2580
2014,DF,Centro Ocidental,PRB,3420
2014,DF,Centro Ocidental,PROS,45
2014,DF,Centro Ocidental,PRP,154
2014,DF,Centro Ocidental,PRTB,90
2014,DF,Centro Ocidental,PSB,14167
2014,DF,Centro Ocidental,PSC,2123
2014,DF,Centro Ocidental,PSD,6500
2014,DF,Centro Ocidental,PSDB,24999
2014,DF,Centro Ocidental,PSDC,29
2014,DF,Centro Ocidental,PSL,249
2014,DF,Centro Ocidental,PSOL,2925
2014,DF,Centro Ocidental,PSTU,541
2014,DF,Centro Ocidental,PT,107827
2014,DF,Centro Ocidental,PT do B,64
2014,DF,Centro Ocidental,PTB,18625
2014,DF,Centro Ocidental,PTC,43
2014,DF,Centro Ocidental,PV,487
2014,DF,Centro Ocidental,SD,1311
2014,DF,Centro Oriental,DEM,5601
2014,DF,Centro Oriental,PC do B,3508
2014,DF,Centro Oriental,PCB,132
2014,DF,Centro Oriental,PDT,27229
2014,DF,Centro Oriental,PEN,234
2014,DF,Centro Oriental,PHS,245
2014,DF,Centro Oriental,PMDB,59572
2014,DF,Centro Oriental,PMN,154
2014,DF,Centro Oriental,PP,107085
2014,DF,Centro Oriental,PPL,159
2014,DF,Centro Oriental,PPS,309
2014,DF,Centro Oriental,PR,3561
2014,DF,Centro Oriental,PRB,4584
2014,DF,Centro Oriental,PROS,76
2014,DF,Centro Oriental,PRP,211
2014,DF,Centro Oriental,PRTB,78
2014,DF,Centro Oriental,PSB,54371
2014,DF,Centro Oriental,PSC,1411
2014,DF,Centro Oriental,PSD,11045
2014,DF,Centro Oriental,PSDB,16067
2014,DF,Centro Oriental,PSDC,23
2014,DF,Centro Oriental,PSL,515
2014,DF,Centro Oriental,PSOL,1826
2014,DF,Centro Oriental,PSTU,343
2014,DF,Centro Oriental,PT,69507
2014,DF,Centro Oriental,PT do B,186
2014,DF,Centro Oriental,PTB,96739
2014,DF,Centro Oriental,PTC,119
2014,DF,Centro Oriental,PV,641
2014,DF,Centro Oriental,SD,1554
2014,DF,Grande POA (sem capital),DEM,51669
2014,DF,Grande POA (sem capital),PC do B,66862
2014,DF,Grande POA (sem capital),PCB,689
2014,DF,Grande POA (sem capital),PDT,122551
2014,DF,Grande POA (sem capital),PEN,3937
2014,DF,Grande POA (sem capital),PHS,1296
2014,DF,Grande POA (sem capital),PMDB,306123
2014,DF,Grande POA (sem capital),PMN,1243
2014,DF,Grande POA (sem capital),PP,207752
2014,DF,Grande POA (sem capital),PPL,2475
2014,DF,Grande POA (sem capital),PPS,4486
2014,DF,Grande POA (sem capital),PR,19831
2014,DF,Grande POA (sem capital),PRB,43971
2014,DF,Grande POA (sem capital),PROS,9805
2014,DF,Grande POA (sem capital),PRP,1495
2014,DF,Grande POA (sem capital),PRTB,1512
2014,DF,Grande POA (sem capital),PSB,153542
2014,DF,Grande POA (sem capital),PSC,12064
2014,DF,Grande POA (sem capital),PSD,75964
2014,DF,Grande POA (sem capital),PSDB,95513
2014,DF,Grande POA (sem capital),PSDC,229
2014,DF,Grande POA (sem capital),PSL,6811
2014,DF,Grande POA (sem capital),PSOL,20413
2014,DF,Grande POA (sem capital),PSTU,4325
2014,DF,Grande POA (sem capital),PT,409624
2014,DF,Grande POA (sem capital),PT do B,1046
2014,DF,Grande POA (sem capital),PTB,132864
2014,DF,Grande POA (sem capital),PTC,1415
2014,DF,Grande POA (sem capital),PV,9209
2014,DF,Grande POA (sem capital),SD,17095
2014,DF,Nordeste (Serra),DEM,13911
2014,DF,Nordeste (Serra),PC do B,32792
2014,DF,Nordeste (Serra),PCB,223
2014,DF,Nordeste (Serra),PDT,58504
2014,DF,Nordeste (Serra),PEN,1216
2014,DF,Nordeste (Serra),PHS,189
2014,DF,Nordeste (Serra),PMDB,124837
2014,DF,Nordeste (Serra),PMN,257
2014,DF,Nordeste (Serra),PP,72112
2014,DF,Nordeste (Serra),PPL,269
2014,DF,Nordeste (Serra),PPS,2322
2014,DF,Nordeste (Serra),PR,5190
2014,DF,Nordeste (Serra),PRB,7211
2014,DF,Nordeste (Serra),PROS,301
2014,DF,Nordeste (Serra),PRP,327
2014,DF,Nordeste (Serra),PRTB,340
2014,DF,Nordeste (Serra),PSB,33936
2014,DF,Nordeste (Serra),PSC,3448
2014,DF,Nordeste (Serra),PSD,18748
2014,DF,Nordeste (Serra),PSDB,30413
2014,DF,Nordeste (Serra),PSDC,46
2014,DF,Nordeste (Serra),PSL,569
2014,DF,Nordeste (Serra),PSOL,3504
2014,DF,Nordeste (Serra),PSTU,504
2014,DF,Nordeste (Serra),PT,137163
2014,DF,Nordeste (Serra),PT do B,996
2014,DF,Nordeste (Serra),PTB,38171
2014,DF,Nordeste (Serra),PTC,174
2014,DF,Nordeste (Serra),PV,1021
2014,DF,Nordeste (Serra),SD,1102
2014,DF,Noroeste,DEM,16369
2014,DF,Noroeste,PC do B,14005
2014,DF,Noroeste,PCB,337
2014,DF,Noroeste,PDT,142285
2014,DF,Noroeste,PEN,672
2014,DF,Noroeste,PHS,372
2014,DF,Noroeste,PMDB,279816
2014,DF,Noroeste,PMN,417
2014,DF,Noroeste,PP,261414
2014,DF,Noroeste,PPL,246
2014,DF,Noroeste,PPS,8982
2014,DF,Noroeste,PR,14817
2014,DF,Noroeste,PRB,6571
2014,DF,Noroeste,PROS,1200
2014,DF,Noroeste,PRP,553
2014,DF,Noroeste,PRTB,381
2014,DF,Noroeste,PSB,45340
2014,DF,Noroeste,PSC,4354
2014,DF,Noroeste,PSD,23082
2014,DF,Noroeste,PSDB,27077
2014,DF,Noroeste,PSDC,58
2014,DF,Noroeste,PSL,758
2014,DF,Noroeste,PSOL,3307
2014,DF,Noroeste,PSTU,1775
2014,DF,Noroeste,PT,244146
2014,DF,Noroeste,PT do B,1350
2014,DF,Noroeste,PTB,73151
2014,DF,Noroeste,PTC,187
2014,DF,Noroeste,PV,1155
2014,DF,Noroeste,SD,3308
2014,DF,Porto Alegre,DEM,41085
2014,DF,Porto Alegre,PC do B,60427
2014,DF,Porto Alegre,PCB,550
2014,DF,Porto Alegre,PDT,45632
2014,DF,Porto Alegre,PEN,1178
2014,DF,Porto Alegre,PHS,485
2014,DF,Porto Alegre,PMDB,95140
2014,DF,Porto Alegre,PMN,926
2014,DF,Porto Alegre,PP,39222
2014,DF,Porto Alegre,PPL,1372
2014,DF,Porto Alegre,PPS,4399
2014,DF,Porto Alegre,PR,4044
2014,DF,Porto Alegre,PRB,21746
2014,DF,Porto Alegre,PROS,350
2014,DF,Porto Alegre,PRP,559
2014,DF,Porto Alegre,PRTB,1164
2014,DF,Porto Alegre,PSB,40556
2014,DF,Porto Alegre,PSC,3117
2014,DF,Porto Alegre,PSD,47579
2014,DF,Porto Alegre,PSDB,59314
2014,DF,Porto Alegre,PSDC,52
2014,DF,Porto Alegre,PSL,1552
2014,DF,Porto Alegre,PSOL,31588
2014,DF,Porto Alegre,PSTU,6868
2014,DF,Porto Alegre,PT,171053
2014,DF,Porto Alegre,PT do B,325
2014,DF,Porto Alegre,PTB,26686
2014,DF,Porto Alegre,PTC,241
2014,DF,Porto Alegre,PV,5137
2014,DF,Porto Alegre,SD,18494
2014,DF,Sudeste,DEM,10854
2014,DF,Sudeste,PC do B,6609
2014,DF,Sudeste,PCB,210
2014,DF,Sudeste,PDT,36393
2014,DF,Sudeste,PEN,285
2014,DF,Sudeste,PHS,174
2014,DF,Sudeste,PMDB,53255
2014,DF,Sudeste,PMN,233
2014,DF,Sudeste,PP,82155
2014,DF,Sudeste,PPL,199
2014,DF,Sudeste,PPS,474
2014,DF,Sudeste,PR,3038
2014,DF,Sudeste,PRB,8011
2014,DF,Sudeste,PROS,91
2014,DF,Sudeste,PRP,296
2014,DF,Sudeste,PRTB,170
2014,DF,Sudeste,PSB,45554
2014,DF,Sudeste,PSC,2773
2014,DF,Sudeste,PSD,7335
2014,DF,Sudeste,PSDB,26555
2014,DF,Sudeste,PSDC,37
2014,DF,Sudeste,PSL,268
2014,DF,Sudeste,PSOL,7260
2014,DF,Sudeste,PSTU,812
2014,DF,Sudeste,PT,167129
2014,DF,Sudeste,PT do B,164
2014,DF,Sudeste,PTB,35532
2014,DF,Sudeste,PTC,108
2014,DF,Sudeste,PV,1011
2014,DF,Sudeste,SD,2171
2014,DF,Sudoeste,DEM,8254
2014,DF,Sudoeste,PC do B,5428
2014,DF,Sudoeste,PCB,193
2014,DF,Sudoeste,PDT,59584
2014,DF,Sudoeste,PEN,107
2014,DF,Sudoeste,PHS,114
2014,DF,Sudoeste,PMDB,34108
2014,DF,Sudoeste,PMN,172
2014,DF,Sudoeste,PP,120800
2014,DF,Sudoeste,PPL,113
2014,DF,Sudoeste,PPS,234
2014,DF,Sudoeste,PR,5263
2014,DF,Sudoeste,PRB,6029
2014,DF,Sudoeste,PROS,166
2014,DF,Sudoeste,PRP,169
2014,DF,Sudoeste,PRTB,514
2014,DF,Sudoeste,PSB,11837
2014,DF,Sudoeste,PSC,2369
2014,DF,Sudoeste,PSD,7984
2014,DF,Sudoeste,PSDB,26023
2014,DF,Sudoeste,PSDC,20
2014,DF,Sudoeste,PSL,911
2014,DF,Sudoeste,PSOL,1560
2014,DF,Sudoeste,PSTU,503
2014,DF,Sudoeste,PT,78815
2014,DF,Sudoeste,PT do B,84
2014,DF,Sudoeste,PTB,13087
2014,DF,Sudoeste,PTC,54
2014,DF,Sudoeste,PV,298
2014,DF,Sudoeste,SD,3432
2018,DE,Centro Ocidental,AVANTE,67
2018,DE,Centro Ocidental,DC,195
2018,DE,Centro Ocidental,DEM,2807
2018,DE,Centro Ocidental,MDB,35411
2018,DE,Centro Ocidental,NOVO,13486
2018,DE,Centro Ocidental,PATRI,785
2018,DE,Centro Ocidental,PC do B,1033
2018,DE,Centro Ocidental,PCB,169
2018,DE,Centro Ocidental,PDT,12423
2018,DE,Centro Ocidental,PHS,153
2018,DE,Centro Ocidental,PMB,87
2018,DE,Centro Ocidental,PMN,307
2018,DE,Centro Ocidental,PODE,3399
2018,DE,Centro Ocidental,PP,44091
2018,DE,Centro Ocidental,PPL,684
2018,DE,Centro Ocidental,PPS,2526
2018,DE,Centro Ocidental,PR,20967
2018,DE,Centro Ocidental,PRB,9206
2018,DE,Centro Ocidental,PROS,1461
2018,DE,Centro Ocidental,PRP,183
2018,DE,Centro Ocidental,PSB,22051
2018,DE,Centro Ocidental,PSC,903
2018,DE,Centro Ocidental,PSD,2654
2018,DE,Centro Ocidental,PSDB,5742
2018,DE,Centro Ocidental,PSL,22430
2018,DE,Centro Ocidental,PSOL,7819
2018,DE,Centro Ocidental,PSTU,112
2018,DE,Centro Ocidental,PT,61778
2018,DE,Centro Ocidental,PTB,6436
2018,DE,Centro Ocidental,PTC,35
2018,DE,Centro Ocidental,PV,1231
2018,DE,Centro Ocidental,REDE,3587
2018,DE,Centro Ocidental,SOLIDARIEDADE,5750
2018,DE,Centro Oriental,AVANTE,131
2018,DE,Centro Oriental,DC,68
2018,DE,Centro Oriental,DEM,5556
2018,DE,Centro Oriental,MDB,77899
2018,DE,Centro Oriental,NOVO,16797
2018,DE,Centro Oriental,PATRI,158
2018,DE,Centro Oriental,PC do B,1198
2018,DE,Centro Oriental,PCB,145
2018,DE,Centro Oriental,PDT,43074
2018,DE,Centro Oriental,PHS,91
2018,DE,Centro Oriental,PMB,104
2018,DE,Centro Oriental,PMN,6992
2018,DE,Centro Oriental,PODE,933
2018,DE,Centro Oriental,PP,54202
2018,DE,Centro Oriental,PPL,486
2018,DE,Centro Oriental,PPS,3357
2018,DE,Centro Oriental,PR,9360
2018,DE,Centro Oriental,PRB,15254
2018,DE,Centro Oriental,PROS,1100
2018,DE,Centro Oriental,PRP,619
2018,DE,Centro Oriental,PSB,20767
2018,DE,Centro Oriental,PSC,896
2018,DE,Centro Oriental,PSD,5583
2018,DE,Centro Oriental,PSDB,31045
2018,DE,Centro Oriental,PSL,23044
2018,DE,Centro Oriental,PSOL,5182
2018,DE,Centro Oriental,PSTU,188
2018,DE,Centro Oriental,PT,45630
2018,DE,Centro Oriental,PTB,68633
2018,DE,Centro Oriental,PTC,62
2018,DE,Centro Oriental,PV,8823
2018,DE,Centro Oriental,REDE,1246
2018,DE,Centro Oriental,SOLIDARIEDADE,8075
2018,DE,Grande POA (sem capital),AVANTE,469
2018,DE,Grande POA (sem capital),DC,900
2018,DE,Grande POA (sem capital),DEM,50803
2018,DE,Grande POA (sem capital),MDB,214230
2018,DE,Grande POA (sem capital),NOVO,54805
2018,DE,Grande POA (sem capital),PATRI,1621
2018,DE,Grande POA (sem capital),PC do B,29819
2018,DE,Grande POA (sem capital),PCB,869
2018,DE,Grande POA (sem capital),PDT,123256
2018,DE,Grande POA (sem capital),PHS,718
2018,DE,Grande POA (sem capital),PMB,1104
2018,DE,Grande POA (sem capital),PMN,6525
2018,DE,Grande POA (sem capital),PODE,15893
2018,DE,Grande POA (sem capital),PP,148510
2018,DE,Grande POA (sem capital),PPL,2153
2018,DE,Grande POA (sem capital),PPS,36102
2018,DE,Grande POA (sem capital),PR,28935
2018,DE,Grande POA (sem capital),PRB,75879
2018,DE,Grande POA (sem capital),PROS,21407
2018,DE,Grande POA (sem capital),PRP,1653
2018,DE,Grande POA (sem capital),PSB,127573
2018,DE,Grande POA (sem capital),PSC,16103
2018,DE,Grande POA (sem capital),PSD,57820
2018,DE,Grande POA (sem capital),PSDB,101729
2018,DE,Grande POA (sem capital),PSL,167824
2018,DE,Grande POA (sem capital),PSOL,49784
2018,DE,Grande POA (sem capital),PSTU,1199
2018,DE,Grande POA (sem capital),PT,211497
2018,DE,Grande POA (sem capital),PTB,104002
2018,DE,Grande POA (sem capital),PTC,730
2018,DE,Grande POA (sem capital),PV,31695
2018,DE,Grande POA (sem capital),REDE,15041
2018,DE,Grande POA (sem capital),SOLIDARIEDADE,51870
2018,DE,Nordeste (Serra),AVANTE,133
2018,DE,Nordeste (Serra),DC,1689
2018,DE,Nordeste (Serra),DEM,7089
2018,DE,Nordeste (Serra),MDB,113235
2018,DE,Nordeste (Serra),NOVO,24227
2018,DE,Nordeste (Serra),PATRI,339
2018,DE,Nordeste (Serra),PC do B,7558
2018,DE,Nordeste (Serra),PCB,249
2018,DE,Nordeste (Serra),PDT,36563
2018,DE,Nordeste (Serra),PHS,114
2018,DE,Nordeste (Serra),PMB,131
2018,DE,Nordeste (Serra),PMN,750
2018,DE,Nordeste (Serra),PODE,1717
2018,DE,Nordeste (Serra),PP,56583
2018,DE,Nordeste (Serra),PPL,838
2018,DE,Nordeste (Serra),PPS,7845
2018,DE,Nordeste (Serra),PR,15344
2018,DE,Nordeste (Serra),PRB,27930
2018,DE,Nordeste (Serra),PROS,2112
2018,DE,Nordeste (Serra),PRP,447
2018,DE,Nordeste (Serra),PSB,20467
2018,DE,Nordeste (Serra),PSC,4926
2018,DE,Nordeste (Serra),PSD,22126
2018,DE,Nordeste (Serra),PSDB,13335
2018,DE,Nordeste (Serra),PSL,58185
2018,DE,Nordeste (Serra),PSOL,5573
2018,DE,Nordeste (Serra),PSTU,229
2018,DE,Nordeste (Serra),PT,76047
2018,DE,Nordeste (Serra),PTB,47146
2018,DE,Nordeste (Serra),PTC,653
2018,DE,Nordeste (Serra),PV,3314
2018,DE,Nordeste (Serra),REDE,4560
2018,DE,Nordeste (Serra),SOLIDARIEDADE,28974
2018,DE,Noroeste,AVANTE,186
2018,DE,Noroeste,DC,263
2018,DE,Noroeste,DEM,10704
2018,DE,Noroeste,MDB,180172
2018,DE,Noroeste,NOVO,17013
2018,DE,Noroeste,PATRI,798
2018,DE,Noroeste,PC do B,20346
2018,DE,Noroeste,PCB,329
2018,DE,Noroeste,PDT,105721
2018,DE,Noroeste,PHS,2593
2018,DE,Noroeste,PMB,1619
2018,DE,Noroeste,PMN,2904
2018,DE,Noroeste,PODE,24477
2018,DE,Noroeste,PP,186923
2018,DE,Noroeste,PPL,1291
2018,DE,Noroeste,PPS,17522
2018,DE,Noroeste,PR,54818
2018,DE,Noroeste,PRB,21815
2018,DE,Noroeste,PROS,3186
2018,DE,Noroeste,PRP,720
2018,DE,Noroeste,PSB,40463
2018,DE,Noroeste,PSC,16975
2018,DE,Noroeste,PSD,21624
2018,DE,Noroeste,PSDB,61652
2018,DE,Noroeste,PSL,61790
2018,DE,Noroeste,PSOL,11981
2018,DE,Noroeste,PSTU,544
2018,DE,Noroeste,PT,165964
2018,DE,Noroeste,PTB,78959
2018,DE,Noroeste,PTC,678
2018,DE,Noroeste,PV,3343
2018,DE,Noroeste,REDE,2089
2018,DE,Noroeste,SOLIDARIEDADE,8135
2018,DE,Porto Alegre,AVANTE,244
2018,DE,Porto Alegre,DC,876
2018,DE,Porto Alegre,DEM,30273
2018,DE,Porto Alegre,MDB,70493
2018,DE,Porto Alegre,NOVO,53197
2018,DE,Porto Alegre,PATRI,654
2018,DE,Porto Alegre,PC do B,16930
2018,DE,Porto Alegre,PCB,1230
2018,DE,Porto Alegre,PDT,53082
2018,DE,Porto Alegre,PHS,540
2018,DE,Porto Alegre,PMB,272
2018,DE,Porto Alegre,PMN,3173
2018,DE,Porto Alegre,PODE,12032
2018,DE,Porto Alegre,PP,36376
2018,DE,Porto Alegre,PPL,1880
2018,DE,Porto Alegre,PPS,26440
2018,DE,Porto Alegre,PR,10370
2018,DE,Porto Alegre,PRB,22678
2018,DE,Porto Alegre,PROS,13112
2018,DE,Porto Alegre,PRP,294
2018,DE,Porto Alegre,PSB,22857
2018,DE,Porto Alegre,PSC,1664
2018,DE,Porto Alegre,PSD,14709
2018,DE,Porto Alegre,PSDB,16328
2018,DE,Porto Alegre,PSL,68705
2018,DE,Porto Alegre,PSOL,70364
2018,DE,Porto Alegre,PSTU,894
2018,DE,Porto Alegre,PT,100400
2018,DE,Porto Alegre,PTB,41051
2018,DE,Porto Alegre,PTC,264
2018,DE,Porto Alegre,PV,7019
2018,DE,Porto Alegre,REDE,12172
2018,DE,Porto Alegre,SOLIDARIEDADE,18191
2018,DE,Sudeste,AVANTE,121
2018,DE,Sudeste,DC,2137
2018,DE,Sudeste,DEM,6984
2018,DE,Sudeste,MDB,52342
2018,DE,Sudeste,NOVO,6018
2018,DE,Sudeste,PATRI,614
2018,DE,Sudeste,PC do B,7577
2018,DE,Sudeste,PCB,420
2018,DE,Sudeste,PDT,26189
2018,DE,Sudeste,PHS,112
2018,DE,Sudeste,PMB,149
2018,DE,Sudeste,PMN,1284
2018,DE,Sudeste,PODE,1014
2018,DE,Sudeste,PP,35879
2018,DE,Sudeste,PPL,326
2018,DE,Sudeste,PPS,10002
2018,DE,Sudeste,PR,5986
2018,DE,Sudeste,PRB,9296
2018,DE,Sudeste,PROS,937
2018,DE,Sudeste,PRP,260
2018,DE,Sudeste,PSB,38507
2018,DE,Sudeste,PSC,787
2018,DE,Sudeste,PSD,4604
2018,DE,Sudeste,PSDB,72170
2018,DE,Sudeste,PSL,26537
2018,DE,Sudeste,PSOL,23745
2018,DE,Sudeste,PSTU,229
2018,DE,Sudeste,PT,106376
2018,DE,Sudeste,PTB,7602
2018,DE,Sudeste,PTC,370
2018,DE,Sudeste,PV,1153
2018,DE,Sudeste,REDE,1967
2018,DE,Sudeste,SOLIDARIEDADE,11991
2018,DE,Sudoeste,AVANTE,82
2018,DE,Sudoeste,DC,119
2018,DE,Sudoeste,DEM,21996
2018,DE,Sudoeste,MDB,20602
2018,DE,Sudoeste,NOVO,4535
2018,DE,Sudoeste,PATRI,261
2018,DE,Sudoeste,PC do B,4120
2018,DE,Sudoeste,PCB,386
2018,DE,Sudoeste,PDT,25551
2018,DE,Sudoeste,PHS,103
2018,DE,Sudoeste,PMB,84
2018,DE,Sudoeste,PMN,2251
2018,DE,Sudoeste,PODE,5263
2018,DE,Sudoeste,PP,49781
2018,DE,Sudoeste,PPL,348
2018,DE,Sudoeste,PPS,3285
2018,DE,Sudoeste,PR,24039
2018,DE,Sudoeste,PRB,14753
2018,DE,Sudoeste,PROS,2437
2018,DE,Sudoeste,PRP,146
2018,DE,Sudoeste,PSB,8705
2018,DE,Sudoeste,PSC,2183
2018,DE,Sudoeste,PSD,3988
2018,DE,Sudoeste,PSDB,14380
2018,DE,Sudoeste,PSL,25369
2018,DE,Sudoeste,PSOL,5062
2018,DE,Sudoeste,PSTU,169
2018,DE,Sudoeste,PT,67038
2018,DE,Sudoeste,PTB,10773
2018,DE,Sudoeste,PTC,64
2018,DE,Sudoeste,PV,1913
2018,DE,Sudoeste,REDE,17644
2018,DE,Sudoeste,SOLIDARIEDADE,3273
2018,DF,Centro Ocidental,AVANTE,1249
2018,DF,Centro Ocidental,DC,30
2018,DF,Centro Ocidental,DEM,15266
2018,DF,Centro Ocidental,MDB,30557
2018,DF,Centro Ocidental,NOVO,17762
2018,DF,Centro Ocidental,PATRI,286
2018,DF,Centro Ocidental,PC do B,1342
2018,DF,Centro Ocidental,PCB,109
2018,DF,Centro Ocidental,PDT,14064
2018,DF,Centro Ocidental,PHS,96
2018,DF,Centro Ocidental,PMB,114
2018,DF,Centro Ocidental,PMN,301
2018,DF,Centro Ocidental,PODE,1074
2018,DF,Centro Ocidental,PP,35723
2018,DF,Centro Ocidental,PPL,14041
2018,DF,Centro Ocidental,PPS,3480
2018,DF,Centro Ocidental,PR,10562
2018,DF,Centro Ocidental,PRB,8033
2018,DF,Centro Ocidental,PROS,703
2018,DF,Centro Ocidental,PRP,531
2018,DF,Centro Ocidental,PSB,19998
2018,DF,Centro Ocidental,PSC,374
2018,DF,Centro Ocidental,PSD,6820
2018,DF,Centro Ocidental,PSDB,7023
2018,DF,Centro Ocidental,PSL,28930
2018,DF,Centro Ocidental,PSOL,7745
2018,DF,Centro Ocidental,PSTU,112
2018,DF,Centro Ocidental,PT,58764
2018,DF,Centro Ocidental,PTB,7402
2018,DF,Centro Ocidental,PTC,71
2018,DF,Centro Ocidental,PV,2317
2018,DF,Centro Ocidental,REDE,2004
2018,DF,Centro Ocidental,SOLIDARIEDADE,954
2018,DF,Centro Oriental,AVANTE,3352
2018,DF,Centro Oriental,DC,44
2018,DF,Centro Oriental,DEM,10162
2018,DF,Centro Oriental,MDB,70539
2018,DF,Centro Oriental,NOVO,27731
2018,DF,Centro Oriental,PATRI,285
2018,DF,Centro Oriental,PC do B,680
2018,DF,Centro Oriental,PCB,124
2018,DF,Centro Oriental,PDT,44700
2018,DF,Centro Oriental,PHS,162
2018,DF,Centro Oriental,PMB,180
2018,DF,Centro Oriental,PMN,801
2018,DF,Centro Oriental,PODE,1524
2018,DF,Centro Oriental,PP,56331
2018,DF,Centro Oriental,PPL,4643
2018,DF,Centro Oriental,PPS,3143
2018,DF,Centro Oriental,PR,17107
2018,DF,Centro Oriental,PRB,5889
2018,DF,Centro Oriental,PROS,1011
2018,DF,Centro Oriental,PRP,1070
2018,DF,Centro Oriental,PSB,56261
2018,DF,Centro Oriental,PSC,964
2018,DF,Centro Oriental,PSD,7574
2018,DF,Centro Oriental,PSDB,22393
2018,DF,Centro Oriental,PSL,17663
2018,DF,Centro Oriental,PSOL,5028
2018,DF,Centro Oriental,PSTU,171
2018,DF,Centro Oriental,PT,37187
2018,DF,Centro Oriental,PTB,58604
2018,DF,Centro Oriental,PTC,111
2018,DF,Centro Oriental,PV,2578
2018,DF,Centro Oriental,REDE,2808
2018,DF,Centro Oriental,SOLIDARIEDADE,1005
2018,DF,Grande POA (sem capital),AVANTE,10951
2018,DF,Grande POA (sem capital),DC,291
2018,DF,Grande POA (sem capital),DEM,75617
2018,DF,Grande POA (sem capital),MDB,197481
2018,DF,Grande POA (sem capital),NOVO,165707
2018,DF,Grande POA (sem capital),PATRI,3375
2018,DF,Grande POA (sem capital),PC do B,28093
2018,DF,Grande POA (sem capital),PCB,508
2018,DF,Grande POA (sem capital),PDT,116438
2018,DF,Grande POA (sem capital),PHS,1526
2018,DF,Grande POA (sem capital),PMB,1622
2018,DF,Grande POA (sem capital),PMN,4097
2018,DF,Grande POA (sem capital),PODE,9422
2018,DF,Grande POA (sem capital),PP,103721
2018,DF,Grande POA (sem capital),PPL,3093
2018,DF,Grande POA (sem capital),PPS,52794
2018,DF,Grande POA (sem capital),PR,32569
2018,DF,Grande POA (sem capital),PRB,57741
2018,DF,Grande POA (sem capital),PROS,15791
2018,DF,Grande POA (sem capital),PRP,3331
2018,DF,Grande POA (sem capital),PSB,111638
2018,DF,Grande POA (sem capital),PSC,10906
2018,DF,Grande POA (sem capital),PSD,51808
2018,DF,Grande POA (sem capital),PSDB,104906
2018,DF,Grande POA (sem capital),PSL,156322
2018,DF,Grande POA (sem capital),PSOL,55242
2018,DF,Grande POA (sem capital),PSTU,825
2018,DF,Grande POA (sem capital),PT,218273
2018,DF,Grande POA (sem capital),PTB,101783
2018,DF,Grande POA (sem capital),PTC,2268
2018,DF,Grande POA (sem capital),PV,32817
2018,DF,Grande POA (sem capital),REDE,22867
2018,DF,Grande POA (sem capital),SOLIDARIEDADE,14406
2018,DF,Nordeste (Serra),AVANTE,2335
2018,DF,Nordeste (Serra),DC,1660
2018,DF,Nordeste (Serra),DEM,23547
2018,DF,Nordeste (Serra),MDB,66474
2018,DF,Nordeste (Serra),NOVO,56557
2018,DF,Nordeste (Serra),PATRI,687
2018,DF,Nordeste (Serra),PC do B,14215
2018,DF,Nordeste (Serra),PCB,271
2018,DF,Nordeste (Serra),PDT,67212
2018,DF,Nordeste (Serra),PHS,99
2018,DF,Nordeste (Serra),PMB,374
2018,DF,Nordeste (Serra),PMN,528
2018,DF,Nordeste (Serra),PODE,1774
2018,DF,Nordeste (Serra),PP,55277
2018,DF,Nordeste (Serra),PPL,1390
2018,DF,Nordeste (Serra),PPS,6499
2018,DF,Nordeste (Serra),PR,19291
2018,DF,Nordeste (Serra),PRB,10127
2018,DF,Nordeste (Serra),PROS,2392
2018,DF,Nordeste (Serra),PRP,632
2018,DF,Nordeste (Serra),PSB,31032
2018,DF,Nordeste (Serra),PSC,3341
2018,DF,Nordeste (Serra),PSD,46634
2018,DF,Nordeste (Serra),PSDB,31918
2018,DF,Nordeste (Serra),PSL,48812
2018,DF,Nordeste (Serra),PSOL,7158
2018,DF,Nordeste (Serra),PSTU,174
2018,DF,Nordeste (Serra),PT,51684
2018,DF,Nordeste (Serra),PTB,32586
2018,DF,Nordeste (Serra),PTC,397
2018,DF,Nordeste (Serra),PV,3833
2018,DF,Nordeste (Serra),REDE,3553
2018,DF,Nordeste (Serra),SOLIDARIEDADE,3922
2018,DF,Noroeste,AVANTE,2252
2018,DF,Noroeste,DC,397
2018,DF,Noroeste,DEM,20232
2018,DF,Noroeste,MDB,216144
2018,DF,Noroeste,NOVO,47372
2018,DF,Noroeste,PATRI,938
2018,DF,Noroeste,PC do B,16435
2018,DF,Noroeste,PCB,287
2018,DF,Noroeste,PDT,110794
2018,DF,Noroeste,PHS,1037
2018,DF,Noroeste,PMB,1399
2018,DF,Noroeste,PMN,845
2018,DF,Noroeste,PODE,9227
2018,DF,Noroeste,PP,192644
2018,DF,Noroeste,PPL,941
2018,DF,Noroeste,PPS,18573
2018,DF,Noroeste,PR,77336
2018,DF,Noroeste,PRB,24957
2018,DF,Noroeste,PROS,2237
2018,DF,Noroeste,PRP,1350
2018,DF,Noroeste,PSB,48392
2018,DF,Noroeste,PSC,4564
2018,DF,Noroeste,PSD,22885
2018,DF,Noroeste,PSDB,19637
2018,DF,Noroeste,PSL,66529
2018,DF,Noroeste,PSOL,8134
2018,DF,Noroeste,PSTU,432
2018,DF,Noroeste,PT,174739
2018,DF,Noroeste,PTB,48718
2018,DF,Noroeste,PTC,611
2018,DF,Noroeste,PV,3442
2018,DF,Noroeste,REDE,2781
2018,DF,Noroeste,SOLIDARIEDADE,1299
2018,DF,Porto Alegre,AVANTE,5357
2018,DF,Porto Alegre,DC,234
2018,DF,Porto Alegre,DEM,39304
2018,DF,Porto Alegre,MDB,37188
2018,DF,Porto Alegre,NOVO,89526
2018,DF,Porto Alegre,PATRI,1059
2018,DF,Porto Alegre,PC do B,13831
2018,DF,Porto Alegre,PCB,367
2018,DF,Porto Alegre,PDT,29557
2018,DF,Porto Alegre,PHS,289
2018,DF,Porto Alegre,PMB,582
2018,DF,Porto Alegre,PMN,1679
2018,DF,Porto Alegre,PODE,2307
2018,DF,Porto Alegre,PP,18246
2018,DF,Porto Alegre,PPL,3319
2018,DF,Porto Alegre,PPS,23392
2018,DF,Porto Alegre,PR,8450
2018,DF,Porto Alegre,PRB,19212
2018,DF,Porto Alegre,PROS,8188
2018,DF,Porto Alegre,PRP,715
2018,DF,Porto Alegre,PSB,64658
2018,DF,Porto Alegre,PSC,864
2018,DF,Porto Alegre,PSD,19275
2018,DF,Porto Alegre,PSDB,21293
2018,DF,Porto Alegre,PSL,63899
2018,DF,Porto Alegre,PSOL,78850
2018,DF,Porto Alegre,PSTU,686
2018,DF,Porto Alegre,PT,102542
2018,DF,Porto Alegre,PTB,32533
2018,DF,Porto Alegre,PTC,229
2018,DF,Porto Alegre,PV,9380
2018,DF,Porto Alegre,REDE,18298
2018,DF,Porto Alegre,SOLIDARIEDADE,13460
2018,DF,Sudeste,AVANTE,1449
2018,DF,Sudeste,DC,112
2018,DF,Sudeste,DEM,17865
2018,DF,Sudeste,MDB,30475
2018,DF,Sudeste,NOVO,19390
2018,DF,Sudeste,PATRI,11797
2018,DF,Sudeste,PC do B,4198
2018,DF,Sudeste,PCB,268
2018,DF,Sudeste,PDT,30691
2018,DF,Sudeste,PHS,142
2018,DF,Sudeste,PMB,207
2018,DF,Sudeste,PMN,834
2018,DF,Sudeste,PODE,2031
2018,DF,Sudeste,PP,36763
2018,DF,Sudeste,PPL,835
2018,DF,Sudeste,PPS,10554
2018,DF,Sudeste,PR,10948
2018,DF,Sudeste,PRB,9122
2018,DF,Sudeste,PROS,600
2018,DF,Sudeste,PRP,457
2018,DF,Sudeste,PSB,25455
2018,DF,Sudeste,PSC,925
2018,DF,Sudeste,PSD,7266
2018,DF,Sudeste,PSDB,84849
2018,DF,Sudeste,PSL,31562
2018,DF,Sudeste,PSOL,15208
2018,DF,Sudeste,PSTU,156
2018,DF,Sudeste,PT,93887
2018,DF,Sudeste,PTB,17724
2018,DF,Sudeste,PTC,68
2018,DF,Sudeste,PV,2337
2018,DF,Sudeste,REDE,2151
2018,DF,Sudeste,SOLIDARIEDADE,2540
2018,DF,Sudoeste,AVANTE,2086
2018,DF,Sudoeste,DC,45
2018,DF,Sudoeste,DEM,20542
2018,DF,Sudoeste,MDB,25947
2018,DF,Sudoeste,NOVO,13345
2018,DF,Sudoeste,PATRI,319
2018,DF,Sudoeste,PC do B,2821
2018,DF,Sudoeste,PCB,182
2018,DF,Sudoeste,PDT,40565
2018,DF,Sudoeste,PHS,96
2018,DF,Sudoeste,PMB,133
2018,DF,Sudoeste,PMN,550
2018,DF,Sudoeste,PODE,3099
2018,DF,Sudoeste,PP,64211
2018,DF,Sudoeste,PPL,959
2018,DF,Sudoeste,PPS,8018
2018,DF,Sudoeste,PR,19032
2018,DF,Sudoeste,PRB,13060
2018,DF,Sudoeste,PROS,1445
2018,DF,Sudoeste,PRP,237
2018,DF,Sudoeste,PSB,16357
2018,DF,Sudoeste,PSC,533
2018,DF,Sudoeste,PSD,18405
2018,DF,Sudoeste,PSDB,7919
2018,DF,Sudoeste,PSL,23953
2018,DF,Sudoeste,PSOL,6480
2018,DF,Sudoeste,PSTU,159
2018,DF,Sudoeste,PT,56743
2018,DF,Sudoeste,PTB,17035
2018,DF,Sudoeste,PTC,74
2018,DF,Sudoeste,PV,1684
2018,DF,Sudoeste,REDE,3199
2018,DF,Sudoeste,SOLIDARIEDADE,2373
2022,DE,Centro Ocidental,AVANTE,257
2022,DE,Centro Ocidental,CIDADANIA,1708
2022,DE,Centro Ocidental,DC,15
2022,DE,Centro Ocidental,MDB,39100
2022,DE,Centro Ocidental,NOVO,14013
2022,DE,Centro Ocidental,PATRIOTA,352
2022,DE,Centro Ocidental,PC do B,6398
2022,DE,Centro Ocidental,PCB,182
2022,DE,Centro Ocidental,PDT,14623
2022,DE,Centro Ocidental,PL,18735
2022,DE,Centro Ocidental,PODE,16875
2022,DE,Centro Ocidental,PP,41163
2022,DE,Centro Ocidental,PRTB,22
2022,DE,Centro Ocidental,PSB,9287
2022,DE,Centro Ocidental,PSC,7195
2022,DE,Centro Ocidental,PSD,3214
2022,DE,Centro Ocidental,PSDB,18836
2022,DE,Centro Ocidental,PSOL,12556
2022,DE,Centro Ocidental,PSTU,69
2022,DE,Centro Ocidental,PT,75078
2022,DE,Centro Ocidental,PTB,2813
2022,DE,Centro Ocidental,PV,132
2022,DE,Centro Ocidental,REDE,330
2022,DE,Centro Ocidental,REPUBLICANOS,17132
2022,DE,Centro Ocidental,SOLIDARIEDADE,2536
2022,DE,Centro Ocidental,UNIÃO,8048
2022,DE,Centro Oriental,AVANTE,241
2022,DE,Centro Oriental,CIDADANIA,3103
2022,DE,Centro Oriental,DC,18
2022,DE,Centro Oriental,MDB,60680
2022,DE,Centro Oriental,NOVO,20340
2022,DE,Centro Oriental,PATRIOTA,518
2022,DE,Centro Oriental,PC do B,1627
2022,DE,Centro Oriental,PCB,155
2022,DE,Centro Oriental,PDT,37240
2022,DE,Centro Oriental,PL,83796
2022,DE,Centro Oriental,PODE,14501
2022,DE,Centro Oriental,PP,69775
2022,DE,Centro Oriental,PRTB,26
2022,DE,Centro Oriental,PSB,24213
2022,DE,Centro Oriental,PSC,7636
2022,DE,Centro Oriental,PSD,9687
2022,DE,Centro Oriental,PSDB,22599
2022,DE,Centro Oriental,PSOL,7212
2022,DE,Centro Oriental,PSTU,129
2022,DE,Centro Oriental,PT,64262
2022,DE,Centro Oriental,PTB,5603
2022,DE,Centro Oriental,PV,164
2022,DE,Centro Oriental,REDE,118
2022,DE,Centro Oriental,REPUBLICANOS,29540
2022,DE,Centro Oriental,SOLIDARIEDADE,309
2022,DE,Centro Oriental,UNIÃO,13721
2022,DE,Grande POA (sem capital),AVANTE,28729
2022,DE,Grande POA (sem capital),CIDADANIA,30963
2022,DE,Grande POA (sem capital),DC,214
2022,DE,Grande POA (sem capital),MDB,192609
2022,DE,Grande POA (sem capital),NOVO,36176
2022,DE,Grande POA (sem capital),PATRIOTA,7643
2022,DE,Grande POA (sem capital),PC do B,18814
2022,DE,Grande POA (sem capital),PCB,1188
2022,DE,Grande POA (sem capital),PDT,146501
2022,DE,Grande POA (sem capital),PL,111977
2022,DE,Grande POA (sem capital),PODE,58699
2022,DE,Grande POA (sem capital),PP,186999
2022,DE,Grande POA (sem capital),PRTB,1824
2022,DE,Grande POA (sem capital),PSB,56695
2022,DE,Grande POA (sem capital),PSC,25591
2022,DE,Grande POA (sem capital),PSD,72666
2022,DE,Grande POA (sem capital),PSDB,157347
2022,DE,Grande POA (sem capital),PSOL,81582
2022,DE,Grande POA (sem capital),PSTU,483
2022,DE,Grande POA (sem capital),PT,291664
2022,DE,Grande POA (sem capital),PTB,31589
2022,DE,Grande POA (sem capital),PV,5515
2022,DE,Grande POA (sem capital),REDE,872
2022,DE,Grande POA (sem capital),REPUBLICANOS,232788
2022,DE,Grande POA (sem capital),SOLIDARIEDADE,11034
2022,DE,Grande POA (sem capital),UNIÃO,97344
2022,DE,Nordeste (Serra),AVANTE,377
2022,DE,Nordeste (Serra),CIDADANIA,2834
2022,DE,Nordeste (Serra),DC,27
2022,DE,Nordeste (Serra),MDB,63629
2022,DE,Nordeste (Serra),NOVO,16711
2022,DE,Nordeste (Serra),PATRIOTA,5799
2022,DE,Nordeste (Serra),PC do B,4016
2022,DE,Nordeste (Serra),PCB,547
2022,DE,Nordeste (Serra),PDT,48437
2022,DE,Nordeste (Serra),PL,50915
2022,DE,Nordeste (Serra),PODE,45772
2022,DE,Nordeste (Serra),PP,94227
2022,DE,Nordeste (Serra),PRTB,146
2022,DE,Nordeste (Serra),PSB,19811
2022,DE,Nordeste (Serra),PSC,8589
2022,DE,Nordeste (Serra),PSD,26219
2022,DE,Nordeste (Serra),PSDB,44784
2022,DE,Nordeste (Serra),PSOL,8361
2022,DE,Nordeste (Serra),PSTU,161
2022,DE,Nordeste (Serra),PT,91920
2022,DE,Nordeste (Serra),PTB,15411
2022,DE,Nordeste (Serra),PV,298
2022,DE,Nordeste (Serra),REDE,175
2022,DE,Nordeste (Serra),REPUBLICANOS,53148
2022,DE,Nordeste (Serra),SOLIDARIEDADE,720
2022,DE,Nordeste (Serra),UNIÃO,30681
2022,DE,Noroeste,AVANTE,731
2022,DE,Noroeste,CIDADANIA,20512
2022,DE,Noroeste,DC,44
2022,DE,Noroeste,MDB,194708
2022,DE,Noroeste,NOVO,14793
2022,DE,Noroeste,PATRIOTA,3308
2022,DE,Noroeste,PC do B,12750
2022,DE,Noroeste,PCB,355
2022,DE,Noroeste,PDT,92977
2022,DE,Noroeste,PL,136139
2022,DE,Noroeste,PODE,20723
2022,DE,Noroeste,PP,173814
2022,DE,Noroeste,PRTB,62
2022,DE,Noroeste,PSB,25526
2022,DE,Noroeste,PSC,17954
2022,DE,Noroeste,PSD,32976
2022,DE,Noroeste,PSDB,57372
2022,DE,Noroeste,PSOL,11885
2022,DE,Noroeste,PSTU,302
2022,DE,Noroeste,PT,226845
2022,DE,Noroeste,PTB,22849
2022,DE,Noroeste,PV,423
2022,DE,Noroeste,REDE,279
2022,DE,Noroeste,REPUBLICANOS,70946
2022,DE,Noroeste,SOLIDARIEDADE,1109
2022,DE,Noroeste,UNIÃO,65804
2022,DE,Porto Alegre,AVANTE,1335
2022,DE,Porto Alegre,CIDADANIA,24417
2022,DE,Porto Alegre,DC,82
2022,DE,Porto Alegre,MDB,28788
2022,DE,Porto Alegre,NOVO,37059
2022,DE,Porto Alegre,PATRIOTA,1568
2022,DE,Porto Alegre,PC do B,28446
2022,DE,Porto Alegre,PCB,800
2022,DE,Porto Alegre,PDT,36440
2022,DE,Porto Alegre,PL,47462
2022,DE,Porto Alegre,PODE,13050
2022,DE,Porto Alegre,PP,30121
2022,DE,Porto Alegre,PRTB,275
2022,DE,Porto Alegre,PSB,5206
2022,DE,Porto Alegre,PSC,15706
2022,DE,Porto Alegre,PSD,15187
2022,DE,Porto Alegre,PSDB,64057
2022,DE,Porto Alegre,PSOL,127809
2022,DE,Porto Alegre,PSTU,601
2022,DE,Porto Alegre,PT,127479
2022,DE,Porto Alegre,PTB,11971
2022,DE,Porto Alegre,PV,1259
2022,DE,Porto Alegre,REDE,520
2022,DE,Porto Alegre,REPUBLICANOS,90674
2022,DE,Porto Alegre,SOLIDARIEDADE,11429
2022,DE,Porto Alegre,UNIÃO,48401
2022,DE,Sudeste,AVANTE,173
2022,DE,Sudeste,CIDADANIA,12805
2022,DE,Sudeste,DC,25
2022,DE,Sudeste,MDB,36260
2022,DE,Sudeste,NOVO,4517
2022,DE,Sudeste,PATRIOTA,1151
2022,DE,Sudeste,PC do B,2959
2022,DE,Sudeste,PCB,404
2022,DE,Sudeste,PDT,39961
2022,DE,Sudeste,PL,29075
2022,DE,Sudeste,PODE,6663
2022,DE,Sudeste,PP,26110
2022,DE,Sudeste,PRTB,35
2022,DE,Sudeste,PSB,10765
2022,DE,Sudeste,PSC,3436
2022,DE,Sudeste,PSD,14681
2022,DE,Sudeste,PSDB,68880
2022,DE,Sudeste,PSOL,29231
2022,DE,Sudeste,PSTU,73
2022,DE,Sudeste,PT,136894
2022,DE,Sudeste,PTB,9377
2022,DE,Sudeste,PV,221
2022,DE,Sudeste,REDE,270
2022,DE,Sudeste,REPUBLICANOS,23244
2022,DE,Sudeste,SOLIDARIEDADE,1353
2022,DE,Sudeste,UNIÃO,36107
2022,DE,Sudoeste,AVANTE,312
2022,DE,Sudoeste,CIDADANIA,3312
2022,DE,Sudoeste,DC,41
2022,DE,Sudoeste,MDB,13784
2022,DE,Sudoeste,NOVO,3612
2022,DE,Sudoeste,PATRIOTA,304
2022,DE,Sudoeste,PC do B,1317
2022,DE,Sudoeste,PCB,202
2022,DE,Sudoeste,PDT,51544
2022,DE,Sudoeste,PL,41734
2022,DE,Sudoeste,PODE,20388
2022,DE,Sudoeste,PP,71255
2022,DE,Sudoeste,PRTB,49
2022,DE,Sudoeste,PSB,8636
2022,DE,Sudoeste,PSC,5882
2022,DE,Sudoeste,PSD,6405
2022,DE,Sudoeste,PSDB,10103
2022,DE,Sudoeste,PSOL,7440
2022,DE,Sudoeste,PSTU,65
2022,DE,Sudoeste,PT,88366
2022,DE,Sudoeste,PTB,6620
2022,DE,Sudoeste,PV,578
2022,DE,Sudoeste,REDE,199
2022,DE,Sudoeste,REPUBLICANOS,28634
2022,DE,Sudoeste,SOLIDARIEDADE,616
2022,DE,Sudoeste,UNIÃO,5300
2022,DF,Centro Ocidental,AGIR,21
2022,DF,Centro Ocidental,AVANTE,1658
2022,DF,Centro Ocidental,CIDADANIA,3224
2022,DF,Centro Ocidental,DC,29
2022,DF,Centro Ocidental,MDB,23466
2022,DF,Centro Ocidental,NOVO,13622
2022,DF,Centro Ocidental,PATRIOTA,1196
2022,DF,Centro Ocidental,PC do B,5912
2022,DF,Centro Ocidental,PCB,212
2022,DF,Centro Ocidental,PDT,22470
2022,DF,Centro Ocidental,PL,31494
2022,DF,Centro Ocidental,PODE,10310
2022,DF,Centro Ocidental,PP,34039
2022,DF,Centro Ocidental,PROS,47
2022,DF,Centro Ocidental,PRTB,54
2022,DF,Centro Ocidental,PSB,9430
2022,DF,Centro Ocidental,PSC,5401
2022,DF,Centro Ocidental,PSD,4647
2022,DF,Centro Ocidental,PSDB,10630
2022,DF,Centro Ocidental,PSOL,12253
2022,DF,Centro Ocidental,PSTU,111
2022,DF,Centro Ocidental,PT,73095
2022,DF,Centro Ocidental,PTB,1761
2022,DF,Centro Ocidental,PV,254
2022,DF,Centro Ocidental,REDE,92
2022,DF,Centro Ocidental,REPUBLICANOS,37046
2022,DF,Centro Ocidental,SOLIDARIEDADE,526
2022,DF,Centro Ocidental,UNIÃO,4634
2022,DF,Centro Ocidental,UP,65
2022,DF,Centro Oriental,AGIR,25
2022,DF,Centro Oriental,AVANTE,1194
2022,DF,Centro Oriental,CIDADANIA,4450
2022,DF,Centro Oriental,DC,25
2022,DF,Centro Oriental,MDB,42977
2022,DF,Centro Oriental,NOVO,22111
2022,DF,Centro Oriental,PATRIOTA,1401
2022,DF,Centro Oriental,PC do B,2618
2022,DF,Centro Oriental,PCB,225
2022,DF,Centro Oriental,PDT,17641
2022,DF,Centro Oriental,PL,128552
2022,DF,Centro Oriental,PODE,19968
2022,DF,Centro Oriental,PP,37493
2022,DF,Centro Oriental,PROS,66
2022,DF,Centro Oriental,PRTB,61
2022,DF,Centro Oriental,PSB,39644
2022,DF,Centro Oriental,PSC,2785
2022,DF,Centro Oriental,PSD,11713
2022,DF,Centro Oriental,PSDB,24129
2022,DF,Centro Oriental,PSOL,8907
2022,DF,Centro Oriental,PSTU,108
2022,DF,Centro Oriental,PT,54837
2022,DF,Centro Oriental,PTB,9953
2022,DF,Centro Oriental,PV,455
2022,DF,Centro Oriental,REDE,95
2022,DF,Centro Oriental,REPUBLICANOS,23942
2022,DF,Centro Oriental,SOLIDARIEDADE,267
2022,DF,Centro Oriental,UNIÃO,21599
2022,DF,Centro Oriental,UP,79
2022,DF,Grande POA (sem capital),AGIR,115
2022,DF,Grande POA (sem capital),AVANTE,21713
2022,DF,Grande POA (sem capital),CIDADANIA,45441
2022,DF,Grande POA (sem capital),DC,681
2022,DF,Grande POA (sem capital),MDB,213911
2022,DF,Grande POA (sem capital),NOVO,121282
2022,DF,Grande POA (sem capital),PATRIOTA,9081
2022,DF,Grande POA (sem capital),PC do B,29907
2022,DF,Grande POA (sem capital),PCB,1020
2022,DF,Grande POA (sem capital),PDT,84140
2022,DF,Grande POA (sem capital),PL,146162
2022,DF,Grande POA (sem capital),PODE,98091
2022,DF,Grande POA (sem capital),PP,110222
2022,DF,Grande POA (sem capital),PROS,567
2022,DF,Grande POA (sem capital),PRTB,1472
2022,DF,Grande POA (sem capital),PSB,62735
2022,DF,Grande POA (sem capital),PSC,9002
2022,DF,Grande POA (sem capital),PSD,90545
2022,DF,Grande POA (sem capital),PSDB,114923
2022,DF,Grande POA (sem capital),PSOL,92976
2022,DF,Grande POA (sem capital),PSTU,495
2022,DF,Grande POA (sem capital),PT,285107
2022,DF,Grande POA (sem capital),PTB,32831
2022,DF,Grande POA (sem capital),PV,13556
2022,DF,Grande POA (sem capital),REDE,836
2022,DF,Grande POA (sem capital),REPUBLICANOS,213264
2022,DF,Grande POA (sem capital),SOLIDARIEDADE,5712
2022,DF,Grande POA (sem capital),UNIÃO,84629
2022,DF,Grande POA (sem capital),UP,687
2022,DF,Nordeste (Serra),AGIR,64
2022,DF,Nordeste (Serra),AVANTE,2230
2022,DF,Nordeste (Serra),CIDADANIA,7349
2022,DF,Nordeste (Serra),DC,41
2022,DF,Nordeste (Serra),MDB,58114
2022,DF,Nordeste (Serra),NOVO,33856
2022,DF,Nordeste (Serra),PATRIOTA,2879
2022,DF,Nordeste (Serra),PC do B,12761
2022,DF,Nordeste (Serra),PCB,478
2022,DF,Nordeste (Serra),PDT,21066
2022,DF,Nordeste (Serra),PL,56868
2022,DF,Nordeste (Serra),PODE,88334
2022,DF,Nordeste (Serra),PP,64770
2022,DF,Nordeste (Serra),PROS,120
2022,DF,Nordeste (Serra),PRTB,243
2022,DF,Nordeste (Serra),PSB,17251
2022,DF,Nordeste (Serra),PSC,2060
2022,DF,Nordeste (Serra),PSD,40431
2022,DF,Nordeste (Serra),PSDB,40816
2022,DF,Nordeste (Serra),PSOL,9684
2022,DF,Nordeste (Serra),PSTU,186
2022,DF,Nordeste (Serra),PT,73695
2022,DF,Nordeste (Serra),PTB,14990
2022,DF,Nordeste (Serra),PV,593
2022,DF,Nordeste (Serra),REDE,196
2022,DF,Nordeste (Serra),REPUBLICANOS,57177
2022,DF,Nordeste (Serra),SOLIDARIEDADE,336
2022,DF,Nordeste (Serra),UNIÃO,26721
2022,DF,Nordeste (Serra),UP,157
2022,DF,Noroeste,AGIR,48
2022,DF,Noroeste,AVANTE,3874
2022,DF,Noroeste,CIDADANIA,14913
2022,DF,Noroeste,DC,71
2022,DF,Noroeste,MDB,174175
2022,DF,Noroeste,NOVO,33353
2022,DF,Noroeste,PATRIOTA,7309
2022,DF,Noroeste,PC do B,5579
2022,DF,Noroeste,PCB,335
2022,DF,Noroeste,PDT,78701
2022,DF,Noroeste,PL,153893
2022,DF,Noroeste,PODE,43791
2022,DF,Noroeste,PP,181113
2022,DF,Noroeste,PROS,176
2022,DF,Noroeste,PRTB,149
2022,DF,Noroeste,PSB,22864
2022,DF,Noroeste,PSC,3306
2022,DF,Noroeste,PSD,95614
2022,DF,Noroeste,PSDB,46021
2022,DF,Noroeste,PSOL,14062
2022,DF,Noroeste,PSTU,251
2022,DF,Noroeste,PT,221201
2022,DF,Noroeste,PTB,7416
2022,DF,Noroeste,PV,567
2022,DF,Noroeste,REDE,202
2022,DF,Noroeste,REPUBLICANOS,74807
2022,DF,Noroeste,SOLIDARIEDADE,1085
2022,DF,Noroeste,UNIÃO,22094
2022,DF,Noroeste,UP,261
2022,DF,Porto Alegre,AGIR,46
2022,DF,Porto Alegre,AVANTE,4624
2022,DF,Porto Alegre,CIDADANIA,43522
2022,DF,Porto Alegre,DC,263
2022,DF,Porto Alegre,MDB,20770
2022,DF,Porto Alegre,NOVO,60753
2022,DF,Porto Alegre,PATRIOTA,4176
2022,DF,Porto Alegre,PC do B,46762
2022,DF,Porto Alegre,PCB,891
2022,DF,Porto Alegre,PDT,35336
2022,DF,Porto Alegre,PL,65790
2022,DF,Porto Alegre,PODE,30131
2022,DF,Porto Alegre,PP,11785
2022,DF,Porto Alegre,PROS,177
2022,DF,Porto Alegre,PRTB,440
2022,DF,Porto Alegre,PSB,7693
2022,DF,Porto Alegre,PSC,4224
2022,DF,Porto Alegre,PSD,16976
2022,DF,Porto Alegre,PSDB,40234
2022,DF,Porto Alegre,PSOL,117853
2022,DF,Porto Alegre,PSTU,504
2022,DF,Porto Alegre,PT,120621
2022,DF,Porto Alegre,PTB,10168
2022,DF,Porto Alegre,PV,1923
2022,DF,Porto Alegre,REDE,595
2022,DF,Porto Alegre,REPUBLICANOS,80347
2022,DF,Porto Alegre,SOLIDARIEDADE,4236
2022,DF,Porto Alegre,UNIÃO,35179
2022,DF,Porto Alegre,UP,645
2022,DF,Sudeste,AGIR,90
2022,DF,Sudeste,AVANTE,2912
2022,DF,Sudeste,CIDADANIA,5998
2022,DF,Sudeste,DC,37
2022,DF,Sudeste,MDB,42783
2022,DF,Sudeste,NOVO,9202
2022,DF,Sudeste,PATRIOTA,786
2022,DF,Sudeste,PC do B,3528
2022,DF,Sudeste,PCB,357
2022,DF,Sudeste,PDT,17653
2022,DF,Sudeste,PL,39066
2022,DF,Sudeste,PODE,11247
2022,DF,Sudeste,PP,34056
2022,DF,Sudeste,PROS,74
2022,DF,Sudeste,PRTB,155
2022,DF,Sudeste,PSB,22402
2022,DF,Sudeste,PSC,826
2022,DF,Sudeste,PSD,28287
2022,DF,Sudeste,PSDB,69728
2022,DF,Sudeste,PSOL,29638
2022,DF,Sudeste,PSTU,100
2022,DF,Sudeste,PT,126632
2022,DF,Sudeste,PTB,4565
2022,DF,Sudeste,PV,269
2022,DF,Sudeste,REDE,5795
2022,DF,Sudeste,REPUBLICANOS,25521
2022,DF,Sudeste,SOLIDARIEDADE,208
2022,DF,Sudeste,UNIÃO,15533
2022,DF,Sudeste,UP,137
2022,DF,Sudoeste,AGIR,16
2022,DF,Sudoeste,AVANTE,1571
2022,DF,Sudoeste,CIDADANIA,3554
2022,DF,Sudoeste,DC,40
2022,DF,Sudoeste,MDB,10129
2022,DF,Sudoeste,NOVO,7787
2022,DF,Sudoeste,PATRIOTA,1688
2022,DF,Sudoeste,PC do B,2207
2022,DF,Sudoeste,PCB,143
2022,DF,Sudoeste,PDT,44310
2022,DF,Sudoeste,PL,58367
2022,DF,Sudoeste,PODE,16978
2022,DF,Sudoeste,PP,48817
2022,DF,Sudoeste,PROS,37
2022,DF,Sudoeste,PRTB,82
2022,DF,Sudoeste,PSB,11181
2022,DF,Sudoeste,PSC,1742
2022,DF,Sudoeste,PSD,7144
2022,DF,Sudoeste,PSDB,6063
2022,DF,Sudoeste,PSOL,9889
2022,DF,Sudoeste,PSTU,87
2022,DF,Sudoeste,PT,85537
2022,DF,Sudoeste,PTB,8082
2022,DF,Sudoeste,PV,512
2022,DF,Sudoeste,REDE,107
2022,DF,Sudoeste,REPUBLICANOS,37426
2022,DF,Sudoeste,SOLIDARIEDADE,225
2022,DF,Sudoeste,UNIÃO,4978
2022,DF,Sudoeste,UP,55
