ano,turno,uf,cod_municipio,municipio,votos_antipt,votos_outros,votos_pt,validos,aptos,comparecimento,brancos,nulos,abstencoes,pct_pt_validos,pct_antipt_validos,pct_outros_validos,pct_pt_dois,eh_capital
2002,1,AC,01392,RIO BRANCO,18209,51881,64418,134508,175346.0,142848.0,1496.0,6844.0,32498.0,47.8916,13.5375,38.5709,77.9624,True
2002,1,AL,27855,MACEIO,54671,142257,123450,320378,416017.0,345143.0,7561.0,17204.0,70874.0,38.5326,17.0645,44.4029,69.3068,True
2002,1,AM,02550,MANAUS,70515,256272,362024,688811,844789.0,719905.0,8310.0,22784.0,124884.0,52.5578,10.2372,37.205,83.6974,True
2002,1,AP,06050,MACAPA,11305,59783,71135,142223,174593.0,150039.0,1080.0,6736.0,24554.0,50.0165,7.9488,42.0347,86.287,True
2002,1,BA,38490,SALVADOR,51600,243092,825187,1119879,1508170.0,1218015.0,30376.0,67760.0,290155.0,73.6854,4.6076,21.707,94.1149,True
2002,1,CE,13897,FORTALEZA,28845,440345,562897,1032087,1262204.0,1082036.0,15188.0,34761.0,180168.0,54.5397,2.7948,42.6655,95.1254,True
2002,1,DF,97012,BRASILIA,202410,413028,592977,1208415,1518437.0,1284103.0,17517.0,56652.0,234334.0,49.0706,16.75,34.1793,74.552,True
2002,1,ES,57053,VITORIA,37143,59913,83795,180851,223572.0,189941.0,3595.0,5495.0,33631.0,46.3337,20.5379,33.1284,69.2876,True
2002,1,GO,93734,GOIANIA,144915,205516,260666,611097,762093.0,644950.0,10196.0,23657.0,117143.0,42.6554,23.7139,33.6307,64.2698,True
2002,1,MA,09210,SAO LUIS,16620,158838,227320,402778,546213.0,438589.0,8398.0,26648.0,107624.0,56.438,4.1263,39.4356,93.1868,True
2002,1,MG,41238,BELO HORIZONTE,179060,376368,780522,1335950,1646041.0,1421435.0,35065.0,50420.0,224606.0,58.4245,13.4032,28.1723,81.3398,True
2002,1,MS,90514,CAMPO GRANDE,90244,126743,140258,357245,445346.0,376642.0,6405.0,12992.0,68704.0,39.261,25.2611,35.4779,60.8489,True
2002,1,MT,90670,CUIABA,53592,79498,130846,263936,341257.0,274690.0,3754.0,7000.0,66567.0,49.5749,20.3049,30.1202,70.9431,True
2002,1,PA,04278,BELEM,124389,239835,321197,685421,848052.0,715870.0,8868.0,21581.0,132182.0,46.8613,18.1478,34.9909,72.0842,True
2002,1,PB,20516,JOAO PESSOA,40079,78100,177832,296011,376822.0,324920.0,10966.0,17943.0,51902.0,60.0761,13.5397,26.3842,81.6076,True
2002,1,PE,25313,RECIFE,167829,214313,389854,771996,982511.0,834889.0,27260.0,35633.0,147622.0,50.4995,21.7396,27.7609,69.906,True
2002,1,PI,12190,TERESINA,39324,94234,203648,337206,430830.0,361454.0,5130.0,19118.0,69376.0,60.3928,11.6617,27.9455,83.8154,True
2002,1,PR,75353,CURITIBA,214308,208470,518212,940990,1146460.0,996678.0,20675.0,35013.0,149782.0,55.0709,22.7747,22.1543,70.7437,True
2002,1,RJ,60011,RIO DE JANEIRO,367992,1450490,1625333,3443815,4327481.0,3663080.0,66134.0,153131.0,664401.0,47.1957,10.6856,42.1187,81.5388,True
2002,1,RN,17612,NATAL,46375,123051,178283,347709,446841.0,377730.0,9099.0,20922.0,69111.0,51.2736,13.3373,35.3891,79.3575,True
2002,1,RO,00035,PORTO VELHO,22351,61846,80181,164378,210986.0,174175.0,2223.0,7574.0,36811.0,48.7784,13.5973,37.6243,78.201,True
2002,1,RR,03018,BOA VISTA,11543,44253,48209,104005,131665.0,111615.0,1144.0,6466.0,20050.0,46.3526,11.0985,42.5489,80.6818,True
2002,1,RS,88013,PORTO ALEGRE,261628,186676,381836,830140,992387.0,874581.0,19869.0,24572.0,117806.0,45.9966,31.5161,22.4873,59.3407,True
2002,1,SC,81051,FLORIANOPOLIS,45671,39011,126343,211025,256004.0,224501.0,4368.0,9108.0,31503.0,59.8711,21.6425,18.4864,73.4493,True
2002,1,SE,31054,ARACAJU,22302,83109,135078,240489,311540.0,261297.0,6085.0,14723.0,50243.0,56.1681,9.2736,34.5583,85.8292,True
2002,1,SP,71072,SAO PAULO,1795001,1600137,2458748,5853886,7531597.0,6360104.0,184758.0,321460.0,1171493.0,42.002,30.6634,27.3346,57.8019,True
2002,1,TO,73440,PALMAS,16087,21748,41393,79228,101323.0,83983.0,819.0,3936.0,17340.0,52.2454,20.3047,27.4499,72.0129,True
2002,2,AC,01392,RIO BRANCO,43220,0,81434,124654,175346.0,129636.0,1532.0,3450.0,45710.0,65.328,34.672,0.0,65.328,True
2002,2,AL,27855,MACEIO,127447,0,193110,320557,416017.0,339491.0,6373.0,12561.0,76526.0,60.242,39.758,0.0,60.242,True
2002,2,AM,02550,MANAUS,148937,0,511330,660267,844789.0,683583.0,9135.0,14181.0,161206.0,77.4429,22.5571,0.0,77.4429,True
2002,2,AP,06050,MACAPA,30933,0,109218,140151,174593.0,146275.0,1315.0,4809.0,28318.0,77.9288,22.0712,0.0,77.9288,True
2002,2,BA,38490,SALVADOR,122025,0,1028006,1150031,1508170.0,1216959.0,20915.0,46013.0,291211.0,89.3894,10.6106,0.0,89.3894,True
2002,2,CE,13897,FORTALEZA,118846,0,898733,1017579,1262204.0,1067770.0,19263.0,30928.0,194434.0,88.3207,11.6793,0.0,88.3207,True
2002,2,DF,97012,BRASILIA,471485,0,777708,1249193,1518437.0,1310715.0,18826.0,42696.0,207722.0,62.2568,37.7432,0.0,62.2568,True
2002,2,ES,57053,VITORIA,68570,0,107052,175622,223572.0,183383.0,3634.0,4127.0,40189.0,60.9559,39.0441,0.0,60.9559,True
2002,2,GO,93734,GOIANIA,242011,0,348357,590368,762093.0,617963.0,8431.0,19164.0,144130.0,59.0068,40.9932,0.0,59.0068,True
2002,2,MA,09210,SAO LUIS,60290,0,337483,397773,546213.0,416172.0,7713.0,10686.0,130041.0,84.8431,15.1569,0.0,84.8431,True
2002,2,MG,41238,BELO HORIZONTE,318741,0,989976,1308717,1646041.0,1392532.0,27869.0,55946.0,253509.0,75.6448,24.3552,0.0,75.6448,True
2002,2,MS,90514,CAMPO GRANDE,156606,0,200627,357233,445346.0,371239.0,4646.0,9360.0,74107.0,56.1614,43.8386,0.0,56.1614,True
2002,2,MT,90670,CUIABA,86342,0,169354,255696,341257.0,264167.0,2775.0,5696.0,77090.0,66.2326,33.7674,0.0,66.2326,True
2002,2,PA,04278,BELEM,281527,0,401989,683516,848052.0,703144.0,6461.0,13167.0,144908.0,58.8119,41.1881,0.0,58.8119,True
2002,2,PB,20516,JOAO PESSOA,71430,0,227112,298542,376822.0,323935.0,6285.0,19108.0,52887.0,76.0737,23.9263,0.0,76.0737,True
2002,2,PE,25313,RECIFE,289023,0,502252,791275,982511.0,829792.0,17717.0,20800.0,152719.0,63.4738,36.5262,0.0,63.4738,True
2002,2,PI,12190,TERESINA,66938,0,269060,335998,430830.0,349382.0,3817.0,9567.0,81448.0,80.0779,19.9221,0.0,80.0779,True
2002,2,PR,75353,CURITIBA,319312,0,585548,904860,1146460.0,977583.0,19487.0,53236.0,168877.0,64.7114,35.2886,0.0,64.7114,True
2002,2,RJ,60011,RIO DE JANEIRO,648222,0,2757957,3406179,4327481.0,3611919.0,61723.0,144017.0,715562.0,80.9692,19.0308,0.0,80.9692,True
2002,2,RN,17612,NATAL,97517,0,237478,334995,446841.0,370526.0,8007.0,27524.0,76315.0,70.89,29.11,0.0,70.89,True
2002,2,RO,00035,PORTO VELHO,52543,0,104840,157383,210986.0,166282.0,2117.0,6782.0,44704.0,66.6146,33.3854,0.0,66.6146,True
2002,2,RR,03018,BOA VISTA,32999,0,70453,103452,131665.0,110585.0,1694.0,5439.0,21080.0,68.1021,31.8979,0.0,68.1021,True
2002,2,RS,88013,PORTO ALEGRE,362733,0,466014,828747,992387.0,867647.0,14285.0,24615.0,124740.0,56.2312,43.7688,0.0,56.2312,True
2002,2,SC,81051,FLORIANOPOLIS,71257,0,135204,206461,256004.0,221341.0,3540.0,11340.0,34663.0,65.4865,34.5135,0.0,65.4865,True
2002,2,SE,31054,ARACAJU,70262,0,175352,245614,311540.0,263564.0,4631.0,13319.0,47976.0,71.3933,28.6067,0.0,71.3933,True
2002,2,SP,71072,SAO PAULO,2930620,0,3057960,5988580,7531597.0,6354989.0,130556.0,235853.0,1176608.0,51.0632,48.9368,0.0,51.0632,True
2002,2,TO,73440,PALMAS,24062,0,52408,76470,101323.0,78921.0,831.0,1620.0,22402.0,68.5341,31.4659,0.0,68.5341,True
2006,1,AC,01392,RIO BRANCO,77090,11487,66466,155043,193549.0,163422.0,2191.0,6188.0,30127.0,42.8694,49.7217,7.4089,46.2997,True
2006,1,AL,27855,MACEIÓ,160157,102915,115687,378759,476691.0,412782.0,12297.0,21726.0,63909.0,30.5437,42.2847,27.1716,41.9393,True
2006,1,AM,02550,MANAUS,87407,109435,632681,829523,995870.0,876567.0,14408.0,32636.0,119303.0,76.2705,10.537,13.1925,87.8616,True
2006,1,AP,06050,MACAPÁ,60960,29074,86446,176480,212539.0,183979.0,1552.0,5947.0,28560.0,48.9835,34.5422,16.4744,58.6448,True
2006,1,BA,38490,SALVADOR,227685,175998,872600,1276283,1657559.0,1410749.0,54594.0,79872.0,246810.0,68.3704,17.8397,13.7899,79.3067,True
2006,1,CE,13897,FORTALEZA,240652,129022,769155,1138829,1421936.0,1226505.0,25974.0,61702.0,195431.0,67.5391,21.1315,11.3294,76.1685,True
2006,1,DF,97012,BRASÍLIA,594521,253877,499407,1347805,1655050.0,1425300.0,21237.0,56258.0,229750.0,37.0534,44.1103,18.8363,45.6526,True
2006,1,ES,57053,VITÓRIA,74521,32075,82987,189583,237554.0,201468.0,4625.0,7260.0,36086.0,43.7734,39.3078,16.9187,52.6875,True
2006,1,GO,93734,GOIÂNIA,339556,88132,222146,649834,819655.0,700368.0,15370.0,35164.0,119287.0,34.185,52.2527,13.5622,39.5487,True
2006,1,MA,09210,SÃO LUÍS,98749,58675,328701,486125,615977.0,512202.0,10115.0,15962.0,103775.0,67.6166,20.3135,12.0699,76.8981,True
2006,1,MG,41238,BELO HORIZONTE,521072,212395,588898,1322365,1742843.0,1466474.0,58821.0,85288.0,276369.0,44.5337,39.4046,16.0618,53.0553,True
2006,1,MS,90514,CAMPO GRANDE,238025,42429,122762,403216,496172.0,422731.0,5604.0,13911.0,73441.0,30.4457,59.0316,10.5226,34.0262,True
2006,1,MT,90670,CUIABÁ,137736,35014,113226,285976,356495.0,301896.0,5035.0,10885.0,54599.0,39.5928,48.1635,12.2437,45.1168,True
2006,1,PA,04278,BELÉM,307106,105318,337382,749806,927758.0,792432.0,16866.0,25760.0,135326.0,44.9959,40.9581,14.046,52.3488,True
2006,1,PB,20516,JOÃO PESSOA,93451,47496,204367,345314,430643.0,374619.0,8970.0,20335.0,56024.0,59.1829,27.0626,13.7544,68.6214,True
2006,1,PE,25313,RECIFE,227913,96630,518634,843177,1075408.0,916681.0,31728.0,41776.0,158727.0,61.5095,27.0303,11.4602,69.471,True
2006,1,PI,12190,TERESINA,105522,31751,244347,381620,470213.0,404922.0,6594.0,16708.0,65291.0,64.0289,27.6511,8.3201,69.8396,True
2006,1,PR,75353,CURITIBA,501514,141643,327829,970986,1217263.0,1047686.0,29059.0,47641.0,169577.0,33.7625,51.65,14.5875,39.5288,True
2006,1,RJ,60011,RIO DE JANEIRO,1023425,898722,1470652,3392799,4534940.0,3801351.0,127386.0,281166.0,733589.0,43.3463,30.1646,26.4891,58.9658,True
2006,1,RN,17612,NATAL,144686,57808,179668,382162,488322.0,419117.0,10560.0,26395.0,69205.0,47.0136,37.8599,15.1266,55.3926,True
2006,1,RO,00035,PORTO VELHO,59003,25513,106965,191481,239787.0,202479.0,2631.0,8367.0,37308.0,55.8619,30.814,13.324,64.4492,True
2006,1,RR,03018,BOA VISTA,77122,21692,26711,125525,156282.0,131467.0,1510.0,4432.0,24815.0,21.2794,61.4396,17.281,25.725,True
2006,1,RS,88013,PORTO ALEGRE,413294,162178,243568,819040,1019126.0,882137.0,27522.0,35575.0,136989.0,29.7382,50.4608,19.801,37.0805,True
2006,1,SC,81051,FLORIANÓPOLIS,110260,57812,61371,229443,288746.0,248194.0,5120.0,13631.0,40552.0,26.7478,48.0555,25.1967,35.7575,True
2006,1,SE,31054,ARACAJU,125987,42119,112844,280950,347712.0,300962.0,6418.0,13594.0,46750.0,40.1652,44.8432,14.9916,47.2485,True
2006,1,SP,71072,SÃO PAULO,3384767,655037,2243168,6282972,7953144.0,6838416.0,207488.0,347956.0,1114728.0,35.7023,53.8721,10.4256,39.8577,True
2006,1,TO,73440,PALMAS,31382,7000,59545,97927,122343.0,101762.0,988.0,2847.0,20581.0,60.8055,32.0463,7.1482,65.4866,True
2006,2,AC,01392,RIO BRANCO,68282,0,81846,150128,193549.0,154476.0,1156.0,3192.0,39073.0,54.5175,45.4825,0.0,54.5175,True
2006,2,AL,27855,MACEIÓ,191748,0,182236,373984,476691.0,392004.0,5377.0,12643.0,84687.0,48.7283,51.2717,0.0,48.7283,True
2006,2,AM,02550,MANAUS,104579,0,721734,826313,995870.0,846058.0,6389.0,13356.0,149812.0,87.3439,12.6561,0.0,87.3439,True
2006,2,AP,06050,MACAPÁ,53187,0,111740,164927,212539.0,169573.0,1217.0,3429.0,42966.0,67.7512,32.2488,0.0,67.7512,True
2006,2,BA,38490,SALVADOR,199347,0,1109289,1308636,1657559.0,1381461.0,20804.0,52021.0,276098.0,84.7668,15.2332,0.0,84.7668,True
2006,2,CE,13897,FORTALEZA,214433,0,953351,1167784,1421936.0,1211593.0,11446.0,32363.0,210343.0,81.6376,18.3624,0.0,81.6376,True
2006,2,DF,97012,BRASÍLIA,578137,0,765008,1343145,1655050.0,1395766.0,15578.0,37043.0,259284.0,56.9565,43.0435,0.0,56.9565,True
2006,2,ES,57053,VITÓRIA,76824,0,111613,188437,237554.0,196599.0,2954.0,5208.0,40955.0,59.2309,40.7691,0.0,59.2309,True
2006,2,GO,93734,GOIÂNIA,309221,0,315501,624722,819655.0,678888.0,8863.0,45303.0,140767.0,50.5026,49.4974,0.0,50.5026,True
2006,2,MA,09210,SÃO LUÍS,89661,0,379094,468755,615977.0,495751.0,5327.0,21669.0,120226.0,80.8725,19.1275,0.0,80.8725,True
2006,2,MG,41238,BELO HORIZONTE,494749,0,848978,1343727,1742843.0,1441876.0,27887.0,70262.0,300967.0,63.1808,36.8192,0.0,63.1808,True
2006,2,MS,90514,CAMPO GRANDE,233149,0,163408,396557,496172.0,408663.0,3110.0,8996.0,87509.0,41.2067,58.7933,0.0,41.2067,True
2006,2,MT,90670,CUIABÁ,125075,0,156985,282060,356495.0,290173.0,2141.0,5972.0,66322.0,55.6566,44.3434,0.0,55.6566,True
2006,2,PA,04278,BELÉM,329683,0,424531,754214,927758.0,778572.0,7083.0,17275.0,149186.0,56.2879,43.7121,0.0,56.2879,True
2006,2,PB,20516,JOÃO PESSOA,90777,0,255548,346325,430643.0,372400.0,4348.0,21727.0,58243.0,73.7885,26.2115,0.0,73.7885,True
2006,2,PE,25313,RECIFE,229757,0,588020,817777,1075408.0,903877.0,17393.0,68707.0,171531.0,71.9047,28.0953,0.0,71.9047,True
2006,2,PI,12190,TERESINA,83968,0,298190,382158,470213.0,394095.0,2703.0,9234.0,76118.0,78.0279,21.9721,0.0,78.0279,True
2006,2,PR,75353,CURITIBA,501954,0,454912,956866,1217263.0,1034210.0,15900.0,61444.0,183053.0,47.5419,52.4581,0.0,47.5419,True
2006,2,RJ,60011,RIO DE JANEIRO,1108495,0,2143210,3251705,4534940.0,3718236.0,89014.0,377517.0,816704.0,65.9103,34.0897,0.0,65.9103,True
2006,2,RN,17612,NATAL,150175,0,228095,378270,488322.0,413063.0,5771.0,29022.0,75259.0,60.2995,39.7005,0.0,60.2995,True
2006,2,RO,00035,PORTO VELHO,59620,0,129996,189616,239787.0,194339.0,990.0,3733.0,45448.0,68.5575,31.4425,0.0,68.5575,True
2006,2,RR,03018,BOA VISTA,77427,0,41066,118493,156282.0,121919.0,964.0,2462.0,34363.0,34.6569,65.3431,0.0,34.6569,True
2006,2,RS,88013,PORTO ALEGRE,461460,0,365760,827220,1019126.0,869302.0,15645.0,26437.0,149824.0,44.2156,55.7844,0.0,44.2156,True
2006,2,SC,81051,FLORIANÓPOLIS,122104,0,99014,221118,288746.0,243277.0,3729.0,18430.0,45469.0,44.7788,55.2212,0.0,44.7788,True
2006,2,SE,31054,ARACAJU,121521,0,158770,280291,347712.0,292933.0,3632.0,9010.0,54779.0,56.6447,43.3553,0.0,56.6447,True
2006,2,SP,71072,SÃO PAULO,3485245,0,2918996,6404241,7953144.0,6753020.0,93155.0,255624.0,1200124.0,45.5791,54.4209,0.0,45.5791,True
2006,2,TO,73440,PALMAS,25815,0,67500,93315,122343.0,95558.0,694.0,1549.0,26785.0,72.3356,27.6644,0.0,72.3356,True
2010,1,AC,01392,RIO BRANCO,82959,62604,27394,172957,217034.0,179721.0,1878.0,4886.0,37313.0,15.8386,47.9651,36.1963,24.824,True
2010,1,AL,27855,MACEIÓ,179137,94268,132870,406275,538516.0,448643.0,16122.0,26246.0,89873.0,32.7044,44.0925,23.203,42.5856,True
2010,1,AM,02550,MANAUS,61290,339417,516520,917227,1123758.0,968527.0,16618.0,34682.0,155231.0,56.3132,6.6821,37.0047,89.3927,True
2010,1,AP,06050,MACAPÁ,45289,73893,82215,201397,243099.0,210816.0,2238.0,7181.0,32283.0,40.8224,22.4874,36.6902,64.4803,True
2010,1,BA,38490,SALVADOR,197851,420690,720567,1339108,1831496.0,1506475.0,66502.0,100865.0,325021.0,53.8095,14.7748,31.4157,78.4574,True
2010,1,CE,13897,FORTALEZA,193873,400412,611724,1206009,1557613.0,1311517.0,40083.0,65425.0,246096.0,50.723,16.0756,33.2014,75.9342,True
2010,1,DF,97012,BRASÍLIA,354070,640548,462441,1457059,1833942.0,1550765.0,33674.0,60032.0,283177.0,31.738,24.3003,43.9617,56.6362,True
2010,1,ES,57053,VITÓRIA,64959,77640,54461,197060,250714.0,208853.0,5090.0,6703.0,41861.0,27.6368,32.9641,39.3992,45.6046,True
2010,1,GO,93734,GOIÂNIA,287891,184959,230309,703159,901988.0,754793.0,18038.0,33596.0,147195.0,32.7535,40.9425,26.304,44.444,True
2010,1,MA,09210,SÃO LUÍS,66543,151646,289588,507777,668201.0,542902.0,12886.0,22239.0,125299.0,57.0305,13.1048,29.8647,81.315,True
2010,1,MG,41238,BELO HORIZONTE,389416,580703,434157,1404276,1828630.0,1539672.0,60457.0,74939.0,288958.0,30.9168,27.7307,41.3525,52.7163,True
2010,1,MS,90514,CAMPO GRANDE,183472,109854,141709,435035,541144.0,461424.0,8974.0,17415.0,79720.0,32.5742,42.1741,25.2518,43.5785,True
2010,1,MT,90670,CUIABÁ,119076,70821,116422,306319,386586.0,325224.0,5997.0,12908.0,61362.0,38.0068,38.8732,23.12,49.4365,True
2010,1,PA,04278,BELÉM,275295,215489,291403,782187,995981.0,824753.0,17844.0,24722.0,171228.0,37.2549,35.1955,27.5496,51.4212,True
2010,1,PB,20516,JOÃO PESSOA,84827,128132,151821,364780,467251.0,401349.0,12591.0,23978.0,65902.0,41.6199,23.2543,35.1258,64.1548,True
2010,1,PE,25313,RECIFE,171405,331318,378031,880754,1142321.0,963260.0,36306.0,46200.0,179061.0,42.9213,19.4612,37.6175,68.8035,True
2010,1,PI,12190,TERESINA,91393,95397,224518,411308,517490.0,437333.0,7479.0,18546.0,80157.0,54.5863,22.2201,23.1936,71.07,True
2010,1,PR,75353,CURITIBA,468183,298629,281039,1047851,1309124.0,1116596.0,29026.0,39719.0,192528.0,26.8205,44.6803,28.4992,37.5108,True
2010,1,RJ,60011,RIO DE JANEIRO,738040,1173900,1464830,3376770,4671660.0,3814302.0,151129.0,286403.0,857358.0,43.3796,21.8564,34.764,66.4964,True
2010,1,RN,17612,NATAL,130582,120645,138893,390120,523954.0,436931.0,17110.0,29701.0,87023.0,35.6026,33.4723,30.9251,51.5421,True
2010,1,RO,00035,PORTO VELHO,62047,58398,96236,216681,275936.0,230383.0,4664.0,9038.0,45553.0,44.4137,28.6352,26.9511,60.8,True
2010,1,RR,03018,BOA VISTA,74545,36552,34041,145138,176904.0,151352.0,1803.0,4411.0,25552.0,23.4542,51.3615,25.1843,31.3493,True
2010,1,RS,88013,PORTO ALEGRE,338754,165993,328041,832788,1063761.0,897068.0,32623.0,31657.0,166693.0,39.3907,40.6771,19.9322,49.1967,True
2010,1,SC,81051,FLORIANÓPOLIS,101482,76103,67109,244694,314719.0,264954.0,7041.0,13219.0,49765.0,27.4257,41.473,31.1013,39.8058,True
2010,1,SE,31054,ARACAJU,118609,73504,103289,295402,377848.0,320551.0,9407.0,15742.0,57297.0,34.9656,40.1517,24.8827,46.548,True
2010,1,SP,71072,SÃO PAULO,2677318,1429513,2532225,6639056,8479626.0,7176542.0,220998.0,316488.0,1303084.0,38.1413,40.3268,21.5319,48.6074,True
2010,1,TO,73440,PALMAS,27422,39807,45622,112851,140025.0,118346.0,1524.0,3971.0,21679.0,40.4268,24.2993,35.2739,62.4582,True
2010,2,AC,01392,RIO BRANCO,119157,0,43426,162583,217042.0,170775.0,2280.0,5912.0,46267.0,26.71,73.29,0.0,26.71,True
2010,2,AL,27855,MACEIÓ,236597,0,152559,389156,538534.0,424711.0,11362.0,24193.0,113823.0,39.2025,60.7975,0.0,39.2025,True
2010,2,AM,02550,MANAUS,179371,0,679131,858502,1123837.0,908024.0,25969.0,23553.0,215813.0,79.1065,20.8935,0.0,79.1065,True
2010,2,AP,06050,MACAPÁ,77412,0,112522,189934,243110.0,202868.0,2974.0,9960.0,40242.0,59.2427,40.7573,0.0,59.2427,True
2010,2,BA,38490,SALVADOR,339061,0,932949,1272010,1831572.0,1419474.0,48480.0,98984.0,412098.0,73.3445,26.6555,0.0,73.3445,True
2010,2,CE,13897,FORTALEZA,332200,0,846073,1178273,1557659.0,1273781.0,35577.0,59931.0,283878.0,71.8062,28.1938,0.0,71.8062,True
2010,2,DF,97012,BRASÍLIA,633299,0,708674,1341973,1834135.0,1479989.0,45821.0,92195.0,354146.0,52.8084,47.1916,0.0,52.8084,True
2010,2,ES,57053,VITÓRIA,103254,0,82228,185482,250740.0,198281.0,5726.0,7073.0,52459.0,44.3321,55.6679,0.0,44.3321,True
2010,2,GO,93734,GOIÂNIA,379262,0,279578,658840,902008.0,711608.0,14061.0,38707.0,190400.0,42.4349,57.5651,0.0,42.4349,True
2010,2,MA,09210,SÃO LUÍS,111129,0,365814,476943,668253.0,504382.0,12140.0,15299.0,163871.0,76.6997,23.3003,0.0,76.6997,True
2010,2,MG,41238,BELO HORIZONTE,662232,0,651989,1314221,1828692.0,1470634.0,51846.0,104567.0,358058.0,49.6103,50.3897,0.0,49.6103,True
2010,2,MS,90514,CAMPO GRANDE,244903,0,164917,409820,541184.0,429761.0,7533.0,12408.0,111423.0,40.2413,59.7587,0.0,40.2413,True
2010,2,MT,90670,CUIABÁ,144087,0,148633,292720,386601.0,305365.0,4659.0,7986.0,81236.0,50.7765,49.2235,0.0,50.7765,True
2010,2,PA,04278,BELÉM,384400,0,371634,756034,996010.0,791459.0,12937.0,22488.0,204551.0,49.1557,50.8443,0.0,49.1557,True
2010,2,PB,20516,JOÃO PESSOA,149331,0,210207,359538,467267.0,398373.0,11188.0,27647.0,68894.0,58.4659,41.5341,0.0,58.4659,True
2010,2,PE,25313,RECIFE,290946,0,573663,864609,1142380.0,934429.0,32059.0,37761.0,207951.0,66.3494,33.6506,0.0,66.3494,True
2010,2,PI,12190,TERESINA,142192,0,251422,393614,517510.0,424485.0,7991.0,22880.0,93025.0,63.8753,36.1247,0.0,63.8753,True
2010,2,PR,75353,CURITIBA,629755,0,359869,989624,1309149.0,1054822.0,24395.0,40803.0,254327.0,36.3642,63.6358,0.0,36.3642,True
2010,2,RJ,60011,RIO DE JANEIRO,1252818,0,1958537,3211355,4671849.0,3670001.0,127675.0,330971.0,1001848.0,60.9879,39.0121,0.0,60.9879,True
2010,2,RN,17612,NATAL,202019,0,188558,390577,523984.0,422811.0,10441.0,21793.0,101173.0,48.2768,51.7232,0.0,48.2768,True
2010,2,RO,00035,PORTO VELHO,87387,0,114498,201885,275972.0,222009.0,4178.0,15946.0,53963.0,56.7145,43.2855,0.0,56.7145,True
2010,2,RR,03018,BOA VISTA,98338,0,42090,140428,176911.0,145923.0,1837.0,3658.0,30988.0,29.9727,70.0273,0.0,29.9727,True
2010,2,RS,88013,PORTO ALEGRE,447331,0,354209,801540,1063821.0,851497.0,20989.0,28968.0,212324.0,44.1911,55.8089,0.0,44.1911,True
2010,2,SC,81051,FLORIANÓPOLIS,144867,0,90520,235387,314752.0,253621.0,4901.0,13333.0,61131.0,38.4558,61.5442,0.0,38.4558,True
2010,2,SE,31054,ARACAJU,154000,0,132213,286213,377868.0,307610.0,7331.0,14066.0,70258.0,46.1939,53.8061,0.0,46.1939,True
2010,2,SP,71072,SÃO PAULO,3427671,0,2961897,6389568,8479849.0,6906183.0,174986.0,341629.0,1573666.0,46.3552,53.6448,0.0,46.3552,True
2010,2,TO,73440,PALMAS,46570,0,54959,101529,140028.0,107161.0,2166.0,3466.0,32867.0,54.1313,45.8687,0.0,54.1313,True
2014,1,AC,01392,RIO BRANCO,44676,117665,35802,198143,232220.0,206560.0,2174.0,6243.0,25660.0,18.0688,22.5474,59.3839,44.4867,True
2014,1,AL,27855,MACEIÓ,116834,157187,126159,400180,551962.0,462241.0,25148.0,36913.0,89721.0,31.5256,29.1954,39.2791,51.9188,True
2014,1,AM,02550,MANAUS,231578,351729,407714,991021,1244405.0,1063376.0,30130.0,42225.0,181029.0,41.1408,23.3676,35.4916,63.7759,True
2014,1,AP,06050,MACAPÁ,64960,60880,105408,231248,268474.0,242195.0,3240.0,7707.0,26279.0,45.5822,28.0911,26.3267,61.8708,True
2014,1,BA,38490,SALVADOR,277855,385130,644619,1307604,1923853.0,1533823.0,79733.0,146486.0,390030.0,49.2977,21.2492,29.4531,69.8794,True
2014,1,CE,13897,FORTALEZA,249231,349993,638594,1237818,1658701.0,1384790.0,53652.0,93320.0,273911.0,51.5903,20.1347,28.275,71.9279,True
2014,1,DF,97012,BRASÍLIA,570494,645337,363861,1579692,1901499.0,1679730.0,38453.0,61585.0,221769.0,23.0337,36.1143,40.8521,38.9425,True
2014,1,ES,57053,VITÓRIA,76049,75242,46384,197675,260729.0,211982.0,6530.0,7777.0,48747.0,23.4648,38.4717,38.0635,37.8852,True
2014,1,GO,93734,GOIÂNIA,308948,260920,142171,712039,932925.0,774519.0,22871.0,39609.0,158406.0,19.9667,43.3892,36.6441,31.5152,True
2014,1,MA,09210,SÃO LUÍS,79555,180199,254776,514530,620127.0,558274.0,18980.0,24764.0,61853.0,49.5163,15.4617,35.0221,76.2047,True
2014,1,MG,41238,BELO HORIZONTE,773674,301765,360345,1435784,1912589.0,1567276.0,55647.0,75845.0,345313.0,25.0974,53.8851,21.0174,31.7759,True
2014,1,MS,90514,CAMPO GRANDE,199432,113910,138099,451441,582419.0,484133.0,14195.0,18497.0,98286.0,30.5907,44.1768,25.2325,40.9145,True
2014,1,MT,90670,CUIABÁ,118003,78688,114522,311213,410539.0,336134.0,9174.0,15747.0,74405.0,36.7986,37.9171,25.2843,49.2515,True
2014,1,PA,04278,BELÉM,243620,250299,284647,778566,1023078.0,841833.0,25459.0,37808.0,181245.0,36.5604,31.2909,32.1487,53.8832,True
2014,1,PB,20516,JOÃO PESSOA,99424,131246,153851,384521,464765.0,426010.0,17832.0,23657.0,38755.0,40.0111,25.8566,34.1323,60.7446,True
2014,1,PE,25313,RECIFE,67065,608170,239769,915004,1067008.0,990115.0,36479.0,38632.0,76893.0,26.2041,7.3295,66.4664,78.1429,True
2014,1,PI,12190,TERESINA,79877,107291,236889,424057,506742.0,457656.0,10272.0,23327.0,49086.0,55.8625,18.8364,25.3011,74.7836,True
2014,1,PR,75353,CURITIBA,544960,266278,187408,998646,1243703.0,1088722.0,38409.0,51667.0,154981.0,18.7662,54.5699,26.6639,25.5893,True
2014,1,RJ,60011,RIO DE JANEIRO,994712,1261555,958431,3214698,4837323.0,3799182.0,190088.0,394396.0,1038141.0,29.814,30.9426,39.2433,49.0712,True
2014,1,RN,17612,NATAL,101948,107999,153663,363610,506699.0,431744.0,19908.0,48226.0,74955.0,42.2604,28.0377,29.7019,60.116,True
2014,1,RO,00035,PORTO VELHO,83144,52442,96299,231885,302773.0,250698.0,6878.0,11935.0,52075.0,41.5288,35.8557,22.6155,53.6655,True
2014,1,RR,03018,BOA VISTA,76117,45174,40745,162036,191072.0,169956.0,2673.0,5247.0,21116.0,25.1456,46.9754,27.879,34.8659,True
2014,1,RS,88013,PORTO ALEGRE,318432,183665,302342,804439,1097321.0,889285.0,41855.0,42991.0,208036.0,37.5842,39.5844,22.8314,48.704,True
2014,1,SC,81051,FLORIANÓPOLIS,118530,71282,54203,244015,335480.0,272207.0,10074.0,18118.0,63273.0,22.213,48.5749,29.2121,31.3796,True
2014,1,SE,31054,ARACAJU,81603,98563,110662,290828,389741.0,330284.0,14984.0,24472.0,59457.0,38.0507,28.0589,33.8905,57.557,True
2014,1,SP,71072,SÃO PAULO,2722869,1882511,1623130,6228510,8787943.0,7114053.0,362973.0,522570.0,1673890.0,26.0597,43.7162,30.2241,37.3477,True
2014,1,TO,73440,PALMAS,37476,48132,43528,129136,157405.0,139295.0,3116.0,7043.0,18110.0,33.7071,29.0206,37.2723,53.7356,True
2014,2,AC,01392,RIO BRANCO,135243,0,59921,195164,232202.0,201733.0,2139.0,4430.0,30469.0,30.7029,69.2971,0.0,30.7029,True
2014,2,AL,27855,MACEIÓ,214112,0,223476,437588,551863.0,469654.0,9243.0,22823.0,82209.0,51.07,48.93,0.0,51.07,True
2014,2,AM,02550,MANAUS,409409,0,529604,939013,1244365.0,1027752.0,22948.0,65791.0,216613.0,56.4001,43.5999,0.0,56.4001,True
2014,2,AP,06050,MACAPÁ,92838,0,130334,223172,268449.0,234734.0,2076.0,9486.0,33715.0,58.4007,41.5993,0.0,58.4007,True
2014,2,BA,38490,SALVADOR,447339,0,918550,1365889,1923807.0,1496571.0,29435.0,101247.0,427236.0,67.2492,32.7508,0.0,67.2492,True
2014,2,CE,13897,FORTALEZA,405154,0,857266,1262420,1658634.0,1367888.0,22207.0,83261.0,290746.0,67.9066,32.0934,0.0,67.9066,True
2014,2,DF,97012,BRASÍLIA,946171,0,582354,1528525,1901543.0,1661130.0,29171.0,103434.0,240413.0,38.0991,61.9009,0.0,38.0991,True
2014,2,ES,57053,VITÓRIA,117734,0,76361,194095,260713.0,204030.0,3565.0,6370.0,56683.0,39.3421,60.6579,0.0,39.3421,True
2014,2,GO,93734,GOIÂNIA,469527,0,225505,695032,932852.0,742930.0,10681.0,37217.0,189922.0,32.4453,67.5547,0.0,32.4453,True
2014,2,MA,09210,SÃO LUÍS,152503,0,362296,514799,620088.0,540935.0,9400.0,16736.0,79153.0,70.3762,29.6238,0.0,70.3762,True
2014,2,MG,41238,BELO HORIZONTE,939427,0,521813,1461240,1912443.0,1540662.0,21833.0,57589.0,371781.0,35.7103,64.2897,0.0,35.7103,True
2014,2,MS,90514,CAMPO GRANDE,283120,0,175412,458532,582367.0,475179.0,5596.0,11051.0,107188.0,38.2551,61.7449,0.0,38.2551,True
2014,2,MT,90670,CUIABÁ,164820,0,150605,315425,410557.0,327150.0,3162.0,8563.0,83407.0,47.7467,52.2533,0.0,47.7467,True
2014,2,PA,04278,BELÉM,402307,0,361601,763908,1022967.0,816591.0,13382.0,39301.0,206376.0,47.3357,52.6643,0.0,47.3357,True
2014,2,PB,20516,JOÃO PESSOA,174037,0,217368,391405,464718.0,426351.0,8748.0,26198.0,38367.0,55.5353,44.4647,0.0,55.5353,True
2014,2,PE,25313,RECIFE,369705,0,535855,905560,1067017.0,978304.0,22148.0,50596.0,88713.0,59.1739,40.8261,0.0,59.1739,True
2014,2,PI,12190,TERESINA,122342,0,310254,432596,506739.0,452028.0,4156.0,15276.0,54711.0,71.7191,28.2809,0.0,71.7191,True
2014,2,PR,75353,CURITIBA,737254,0,284563,1021817,1243613.0,1072641.0,15212.0,35612.0,170972.0,27.8487,72.1513,0.0,27.8487,True
2014,2,RJ,60011,RIO DE JANEIRO,1577972,0,1626751,3204723,4837351.0,3727332.0,105407.0,417202.0,1110019.0,50.761,49.239,0.0,50.761,True
2014,2,RN,17612,NATAL,161154,0,222777,383931,506566.0,439268.0,8864.0,46473.0,67298.0,58.0253,41.9747,0.0,58.0253,True
2014,2,RO,00035,PORTO VELHO,117510,0,110825,228335,302770.0,244566.0,3284.0,12947.0,58204.0,48.5361,51.4639,0.0,48.5361,True
2014,2,RR,03018,BOA VISTA,102792,0,53832,156624,191058.0,165243.0,1694.0,6925.0,25815.0,34.3702,65.6298,0.0,34.3702,True
2014,2,RS,88013,PORTO ALEGRE,440497,0,375606,816103,1097289.0,873877.0,20270.0,37504.0,223412.0,46.0243,53.9757,0.0,46.0243,True
2014,2,SC,81051,FLORIANÓPOLIS,164824,0,85791,250615,335363.0,266244.0,3716.0,11913.0,69119.0,34.2322,65.7678,0.0,34.2322,True
2014,2,SE,31054,ARACAJU,132497,0,174586,307083,389715.0,329958.0,5793.0,17082.0,59757.0,56.853,43.147,0.0,56.853,True
2014,2,SP,71072,SÃO PAULO,4142529,0,2347250,6489779,8787492.0,7026025.0,152847.0,383399.0,1761467.0,36.1684,63.8316,0.0,36.1684,True
2014,2,TO,73440,PALMAS,64719,0,62971,127690,157376.0,133777.0,1438.0,4649.0,23599.0,49.3155,50.6845,0.0,49.3155,True
2018,1,AC,1392,RIO BRANCO,140632,40267,21648,202547,,,,,,10.6879,69.4318,19.8803,13.3399,True
2018,1,AL,27855,MACEIÓ,227491,121817,85734,435042,595525.0,485870.0,15215.0,35613.0,109655.0,19.7071,52.2917,28.0012,27.3714,True
2018,1,AM,2550,MANAUS,620178,214152,247946,1082276,,,,,,22.9097,57.3031,19.7872,28.5611,True
2018,1,AP,6050,MACAPÁ,106017,73594,58770,238381,,,,,,24.6538,44.4738,30.8724,35.6642,True
2018,1,BA,38490,SALVADOR,377060,331355,647437,1355852,1828281.0,1580390.0,44916.0,178876.0,247891.0,47.7513,27.8098,24.4389,63.1956,True
2018,1,CE,13897,FORTALEZA,468228,630551,263009,1361788,1776226.0,1466160.0,30703.0,73669.0,310066.0,19.3135,34.3833,46.3032,35.9677,True
2018,1,DF,97012,BRASÍLIA,936494,477515,190508,1604517,2085825.0,1695724.0,31995.0,59212.0,390101.0,11.8732,58.3661,29.7607,16.904,True
2018,1,ES,57053,VITÓRIA,107201,58049,35800,201050,247341.0,213029.0,4599.0,7380.0,34312.0,17.8065,53.3206,28.8729,25.0348,True
2018,1,GO,93734,GOIÂNIA,462411,183640,82778,728829,977878.0,776490.0,13319.0,34342.0,201388.0,11.3577,63.4457,25.1966,15.1834,True
2018,1,MA,9210,SÃO LUÍS,200990,137645,210676,549311,,,,,,38.3528,36.5895,25.0578,51.1764,True
2018,1,MG,41238,BELO HORIZONTE,787298,432220,207433,1426951,1958947.0,1558230.0,46160.0,85119.0,400717.0,14.5368,55.1734,30.2898,20.8532,True
2018,1,MS,90514,CAMPO GRANDE,295190,117151,76499,488840,591518.0,518927.0,11812.0,18275.0,72591.0,15.6491,60.3858,23.9651,20.5815,True
2018,1,MT,90670,CUIABÁ,197662,64940,70534,333136,440488.0,356437.0,6681.0,16620.0,84051.0,21.1727,59.3337,19.4935,26.2994,True
2018,1,PA,4278,BELÉM,347980,278236,179727,805943,,,,,,22.3002,43.1768,34.523,34.0581,True
2018,1,PB,20516,JOÃO PESSOA,204456,105878,99614,409948,518131.0,452299.0,11557.0,30794.0,65832.0,24.2992,49.8736,25.8272,32.7602,True
2018,1,PE,25313,RECIFE,383895,238596,267389,889880,1155626.0,1006559.0,29939.0,86740.0,149067.0,30.0478,43.1401,26.8122,41.0557,True
2018,1,PI,12190,TERESINA,138953,106144,194132,439229,556210.0,474831.0,9018.0,26584.0,81379.0,44.1984,31.6357,24.166,58.283,True
2018,1,PR,75353,CURITIBA,648996,298648,96916,1044560,1339433.0,1113113.0,24279.0,44274.0,226320.0,9.2782,62.131,28.5908,12.993,True
2018,1,RJ,60011,RIO DE JANEIRO,1930657,983482,398033,3312172,4891875.0,3660293.0,102956.0,245165.0,1231582.0,12.0173,58.2898,29.693,17.0926,True
2018,1,RN,17612,NATAL,184303,135977,94667,414947,557543.0,454637.0,9839.0,29851.0,102906.0,22.8142,44.416,32.7697,33.9345,True
2018,1,RO,35,PORTO VELHO,147671,55535,52354,255560,,,,,,20.486,57.7833,21.7307,26.1737,True
2018,1,RR,3018,BOA VISTA,123848,36055,18767,178670,,,,,,10.5037,69.3166,20.1797,13.1592,True
2018,1,RS,88013,PORTO ALEGRE,362805,275086,160710,798601,1100888.0,855673.0,29000.0,28072.0,245215.0,20.1239,45.4301,34.446,30.6983,True
2018,1,SC,81051,FLORIANÓPOLIS,144293,90141,35930,270364,345595.0,289869.0,6405.0,13100.0,55726.0,13.2895,53.3699,33.3406,19.9364,True
2018,1,SE,31054,ARACAJU,119781,95109,85326,300216,407163.0,332912.0,7835.0,24861.0,74251.0,28.4215,39.8983,31.6802,41.6007,True
2018,1,SP,71072,SÃO PAULO,2835930,2272874,1253162,6361966,9055309.0,7137686.0,226699.0,549021.0,1917623.0,19.6977,44.5763,35.726,30.6465,True
2018,1,TO,73440,PALMAS,80595,25021,31392,137008,185408.0,148094.0,1825.0,9261.0,37314.0,22.9125,58.825,18.2624,28.0318,True
2018,2,AC,1392,RIO BRANCO,158264,0,32937,191201,,,,,,17.2264,82.7736,0.0,17.2264,True
2018,2,AL,27855,MACEIÓ,268027,0,166838,434865,595686.0,479747.0,9995.0,34887.0,115939.0,38.3655,61.6345,0.0,38.3655,True
2018,2,AM,2550,MANAUS,686999,0,358364,1045363,,,,,,34.2813,65.7187,0.0,34.2813,True
2018,2,AP,6050,MACAPÁ,120603,0,98083,218686,,,,,,44.8511,55.1489,0.0,44.8511,True
2018,2,BA,38490,SALVADOR,451273,0,985532,1436805,1828189.0,1605142.0,25513.0,142824.0,223047.0,68.5919,31.4081,0.0,68.5919,True
2018,2,CE,13897,FORTALEZA,590033,0,739265,1329298,1776126.0,1448725.0,26251.0,93176.0,327401.0,55.6132,44.3868,0.0,55.6132,True
2018,2,DF,97012,BRASÍLIA,1080411,0,463340,1543751,2086086.0,1691396.0,44657.0,102988.0,394690.0,30.0139,69.9861,0.0,30.0139,True
2018,2,ES,57053,VITÓRIA,123734,0,72064,195798,247347.0,210610.0,5719.0,9093.0,36737.0,36.8053,63.1947,0.0,36.8053,True
2018,2,GO,93734,GOIÂNIA,528525,0,183731,712256,977844.0,766315.0,13608.0,40451.0,211529.0,25.7956,74.2044,0.0,25.7956,True
2018,2,MA,9210,SÃO LUÍS,224108,0,306690,530798,,,,,,57.779,42.221,0.0,57.779,True
2018,2,MG,41238,BELO HORIZONTE,901513,0,472887,1374400,1958854.0,1554909.0,42776.0,137733.0,403945.0,34.4068,65.5932,0.0,34.4068,True
2018,2,MS,90514,CAMPO GRANDE,337170,0,135939,473109,591533.0,514573.0,11417.0,30047.0,76960.0,28.7331,71.2669,0.0,28.7331,True
2018,2,MT,90670,CUIABÁ,222077,0,109681,331758,440527.0,351556.0,5139.0,14659.0,88971.0,33.0605,66.9395,0.0,33.0605,True
2018,2,PA,4278,BELÉM,427982,0,351193,779175,,,,,,45.0724,54.9276,0.0,45.0724,True
2018,2,PB,20516,JOÃO PESSOA,228710,0,188655,417365,518094.0,450294.0,7303.0,25626.0,67800.0,45.2014,54.7986,0.0,45.2014,True
2018,2,PE,25313,RECIFE,436764,0,482673,919437,1155649.0,1000462.0,16962.0,64063.0,155187.0,52.4966,47.5034,0.0,52.4966,True
2018,2,PI,12190,TERESINA,162652,0,273796,436448,556250.0,466849.0,6308.0,24093.0,89401.0,62.7328,37.2672,0.0,62.7328,True
2018,2,PR,75353,CURITIBA,786377,0,241015,1027392,1339549.0,1108110.0,25629.0,55089.0,231439.0,23.4589,76.5411,0.0,23.4589,True
2018,2,RJ,60011,RIO DE JANEIRO,2179896,0,1105393,3285289,4891904.0,3703587.0,85506.0,332792.0,1188317.0,33.6468,66.3532,0.0,33.6468,True
2018,2,RN,17612,NATAL,220770,0,195938,416708,557715.0,456900.0,7538.0,32654.0,100815.0,47.0205,52.9795,0.0,47.0205,True
2018,2,RO,35,PORTO VELHO,166145,0,74847,240992,,,,,,31.0579,68.9421,0.0,31.0579,True
2018,2,RR,3018,BOA VISTA,132361,0,36021,168382,,,,,,21.3924,78.6076,0.0,21.3924,True
2018,2,RS,88013,PORTO ALEGRE,436643,0,331419,768062,1100882.0,850397.0,28231.0,54104.0,250485.0,43.15,56.85,0.0,43.15,True
2018,2,SC,81051,FLORIANÓPOLIS,169952,0,92063,262015,345512.0,287198.0,6786.0,18397.0,58314.0,35.1365,64.8635,0.0,35.1365,True
2018,2,SE,31054,ARACAJU,139603,0,155892,295495,407184.0,332366.0,6303.0,30568.0,74818.0,52.7562,47.2438,0.0,52.7562,True
2018,2,SP,71072,SÃO PAULO,3694834,0,2424125,6118959,9055207.0,7130554.0,212813.0,798782.0,1924653.0,39.6166,60.3834,0.0,39.6166,True
2018,2,TO,73440,PALMAS,84782,0,45892,130674,185370.0,141140.0,1899.0,8567.0,44230.0,35.1195,64.8805,0.0,35.1195,True
2022,1,AC,1392,RIO BRANCO,130393,19676,53560,203629,,,,,,26.3027,64.0346,9.6627,29.1161,True
2022,1,AL,27855,MACEIÓ,240053,48308,195714,484075,629586.0,509450.0,9383.0,15992.0,120136.0,40.4305,49.59,9.9794,44.9125,True
2022,1,AM,2550,MANAUS,622846,109689,430562,1163097,,,,,,37.0186,53.5506,9.4308,40.8732,True
2022,1,AP,6050,MACAPÁ,113733,32503,101129,247365,,,,,,40.8825,45.9778,13.1397,47.067,True
2022,1,BA,38490,SALVADOR,367452,136529,1022728,1526709,1986087.0,1630614.0,30233.0,73672.0,355473.0,66.9891,24.0682,8.9427,73.568,True
2022,1,CE,13897,FORTALEZA,530162,175468,802009,1507639,1872200.0,1563345.0,20208.0,35498.0,308855.0,53.1964,35.165,11.6386,60.2032,True
2022,1,DF,97012,BRASÍLIA,910397,202644,649534,1762575,2206996.0,1819900.0,25162.0,32163.0,387096.0,36.8514,51.6515,11.497,41.6386,True
2022,1,ES,57053,VITÓRIA,102641,21084,89301,213026,265334.0,220306.0,3092.0,4188.0,45028.0,41.9202,48.1824,9.8974,46.525,True
2022,1,GO,93734,GOIÂNIA,445715,86082,262845,794642,1034132.0,821831.0,9028.0,18161.0,212301.0,33.0772,56.09,10.8328,37.0957,True
2022,1,MA,9210,SÃO LUÍS,210140,55562,345123,610825,,,,,,56.5011,34.4027,9.0962,62.1549,True
2022,1,MG,41238,BELO HORIZONTE,699105,163092,638002,1500199,2011672.0,1574139.0,27938.0,46002.0,437533.0,42.5278,46.6008,10.8714,47.7151,True
2022,1,MS,90514,CAMPO GRANDE,278642,55530,176576,510748,640807.0,528351.0,6700.0,10903.0,112456.0,34.572,54.5557,10.8723,38.7893,True
2022,1,MT,90670,CUIABÁ,192100,29142,127067,348309,428128.0,358944.0,3800.0,6835.0,69184.0,36.4811,55.1522,8.3667,39.8121,True
2022,1,PA,4278,BELÉM,370564,94736,392207,857507,,,,,,45.7381,43.2141,11.0478,51.4187,True
2022,1,PB,20516,JOÃO PESSOA,203971,37304,217243,458518,564278.0,479357.0,6833.0,14006.0,84921.0,47.3794,44.4848,8.1358,51.5754,True
2022,1,PE,25313,RECIFE,390904,67230,538562,996696,1216750.0,1044282.0,15770.0,31816.0,172468.0,54.0347,39.22,6.7453,57.9432,True
2022,1,PI,12190,TERESINA,138320,43507,301309,483136,589508.0,499617.0,5203.0,11278.0,89891.0,62.3653,28.6296,9.0051,68.5371,True
2022,1,PR,75353,CURITIBA,612309,147579,348166,1108054,1416706.0,1154309.0,18925.0,27330.0,262397.0,31.4214,55.2599,13.3188,36.2494,True
2022,1,RJ,60011,RIO DE JANEIRO,1695777,344022,1568485,3608284,5002848.0,3792447.0,59815.0,124348.0,1210401.0,43.469,46.9968,9.5342,48.0502,True
2022,1,RN,17612,NATAL,188942,35258,225529,449729,585323.0,467769.0,5396.0,12644.0,117554.0,50.1478,42.0124,7.8398,54.4137,True
2022,1,RO,35,PORTO VELHO,152878,24103,92037,269018,,,,,,34.2122,56.8282,8.9596,37.5792,True
2022,1,RR,3018,BOA VISTA,136176,16247,36022,188445,,,,,,19.1154,72.263,8.6216,20.9189,True
2022,1,RS,88013,PORTO ALEGRE,323857,91583,412553,827993,1104720.0,856337.0,13601.0,14743.0,248383.0,49.8257,39.1135,11.0608,56.0222,True
2022,1,SC,81051,FLORIANÓPOLIS,146358,38128,135981,320467,403556.0,331426.0,4142.0,6817.0,72130.0,42.4321,45.6702,11.8976,48.1623,True
2022,1,SE,31054,ARACAJU,124846,34875,176981,336702,423647.0,352390.0,4899.0,10789.0,71257.0,52.5631,37.0791,10.3578,58.6366,True
2022,1,SP,71072,SÃO PAULO,2618593,997533,3276512,6892638,9320706.0,7339532.0,152752.0,294142.0,1981174.0,47.5364,37.9912,14.4724,55.5802,True
2022,1,TO,73440,PALMAS,88034,11647,61252,160933,199700.0,165690.0,1567.0,3190.0,34010.0,38.0606,54.7023,7.2372,41.03,True
2022,2,AC,1392,RIO BRANCO,142090,0,53873,195963,,,,,,27.4914,72.5086,0.0,27.4914,True
2022,2,AL,27855,MACEIÓ,273549,0,204887,478436,629130.0,512794.0,7588.0,26770.0,116336.0,42.8243,57.1757,0.0,42.8243,True
2022,2,AM,2550,MANAUS,692580,0,437691,1130271,,,,,,38.7244,61.2756,0.0,38.7244,True
2022,2,AP,6050,MACAPÁ,125261,0,102810,228071,,,,,,45.0781,54.9219,0.0,45.0781,True
2022,2,BA,38490,SALVADOR,451131,0,1089899,1541030,1985963.0,1666570.0,28140.0,97400.0,319393.0,70.7254,29.2746,0.0,70.7254,True
2022,2,CE,13897,FORTALEZA,633009,0,880559,1513568,1871625.0,1574674.0,19851.0,41255.0,296951.0,58.1777,41.8223,0.0,58.1777,True
2022,2,DF,97012,BRASÍLIA,1041331,0,729295,1770626,2207628.0,1838492.0,29663.0,38203.0,369136.0,41.1885,58.8115,0.0,41.1885,True
2022,2,ES,57053,VITÓRIA,115293,0,95478,210771,265264.0,220945.0,3789.0,6385.0,44319.0,45.2994,54.7006,0.0,45.2994,True
2022,2,GO,93734,GOIÂNIA,513018,0,289172,802190,1034245.0,832124.0,9695.0,20239.0,202121.0,36.0478,63.9522,0.0,36.0478,True
2022,2,MA,9210,SÃO LUÍS,238285,0,363131,601416,,,,,,60.3793,39.6207,0.0,60.3793,True
2022,2,MG,41238,BELO HORIZONTE,834548,0,703755,1538303,2011694.0,1608868.0,24802.0,45763.0,402826.0,45.7488,54.2512,0.0,45.7488,True
2022,2,MS,90514,CAMPO GRANDE,313906,0,187109,501015,640773.0,526179.0,7265.0,17899.0,114594.0,37.346,62.654,0.0,37.346,True
2022,2,MT,90670,CUIABÁ,213787,0,133852,347639,428204.0,358003.0,3659.0,6705.0,70201.0,38.5032,61.4968,0.0,38.5032,True
2022,2,PA,4278,BELÉM,427051,0,431858,858909,,,,,,50.2798,49.7202,0.0,50.2798,True
2022,2,PB,20516,JOÃO PESSOA,228326,0,229251,457577,563897.0,485482.0,6459.0,21446.0,78415.0,50.1011,49.8989,0.0,50.1011,True
2022,2,PE,25313,RECIFE,433317,0,558690,992007,1216413.0,1054049.0,13654.0,48388.0,162364.0,56.3192,43.6808,0.0,56.3192,True
2022,2,PI,12190,TERESINA,160558,0,317918,478476,589580.0,496191.0,5453.0,12262.0,93389.0,66.4439,33.5561,0.0,66.4439,True
2022,2,PR,75353,CURITIBA,720322,0,391675,1111997,1416681.0,1163770.0,20635.0,31138.0,252911.0,35.2227,64.7773,0.0,35.2227,True
2022,2,RJ,60011,RIO DE JANEIRO,1929209,0,1734159,3663368,5003062.0,3837082.0,49785.0,123929.0,1165980.0,47.3378,52.6622,0.0,47.3378,True
2022,2,RN,17612,NATAL,219306,0,246881,466187,584819.0,482570.0,4603.0,11780.0,102249.0,52.9575,47.0425,0.0,52.9575,True
2022,2,RO,35,PORTO VELHO,169299,0,92636,261935,,,,,,35.366,64.634,0.0,35.366,True
2022,2,RR,3018,BOA VISTA,144799,0,37412,182211,,,,,,20.5322,79.4678,0.0,20.5322,True
2022,2,RS,88013,PORTO ALEGRE,380499,0,437798,818297,1104493.0,858443.0,15862.0,24284.0,246050.0,53.5011,46.4989,0.0,53.5011,True
2022,2,SC,81051,FLORIANÓPOLIS,169495,0,148344,317839,403452.0,331041.0,4730.0,8472.0,72411.0,46.6727,53.3273,0.0,46.6727,True
2022,2,SE,31054,ARACAJU,142489,0,190875,333364,423579.0,352361.0,5089.0,13908.0,71218.0,57.2572,42.7428,0.0,57.2572,True
2022,2,SP,71072,SÃO PAULO,3191484,0,3677921,6869405,9320585.0,7372124.0,153859.0,348860.0,1948461.0,53.5406,46.4594,0.0,53.5406,True
2022,2,TO,73440,PALMAS,95715,0,62961,158676,199646.0,163388.0,1617.0,3095.0,36258.0,39.679,60.321,0.0,39.679,True
