ano,cargo,lista,tipo,votos,composicao,nome,cadeiras
2002,DE,37,coligacao,1431946,PT / PCB / PMN / PC do B,FRENTE POPULAR,14
2002,DE,41,coligacao,689226,PDT / PAN,PDT/PAN - DE/DF,7
2002,DE,42,coligacao,931402,PMDB / PHS,UNIÃO PELO RIO GRANDE - DE/DF,9
2002,DE,43,coligacao,467633,PPS / PFL / PT do B ,O RIO GRANDE EM PRIMEIRO LUGAR DE/DF,4
2002,DE,PAN,isolado,266,PAN,PARTIDO ISOLADO,0
2002,DE,PC do B,isolado,65,PC do B,PARTIDO ISOLADO,0
2002,DE,PCB,isolado,945,PCB,PARTIDO ISOLADO,0
2002,DE,PCO,isolado,1099,PCO,PARTIDO ISOLADO,0
2002,DE,PFL,isolado,3,PFL,PARTIDO ISOLADO,0
2002,DE,PGT,isolado,4992,PGT,PARTIDO ISOLADO,0
2002,DE,PHS,isolado,59,PHS,PARTIDO ISOLADO,0
2002,DE,PL,isolado,92666,PL,PARTIDO ISOLADO,0
2002,DE,PMN,isolado,235,PMN,PARTIDO ISOLADO,0
2002,DE,PPB,isolado,972096,PPB,PARTIDO ISOLADO,10
2002,DE,PPS,isolado,62,PPS,PARTIDO ISOLADO,0
2002,DE,PRONA,isolado,13849,PRONA,PARTIDO ISOLADO,0
2002,DE,PSB,isolado,245848,PSB,PARTIDO ISOLADO,2
2002,DE,PSC,isolado,3236,PSC,PARTIDO ISOLADO,0
2002,DE,PSDB,isolado,387986,PSDB,PARTIDO ISOLADO,3
2002,DE,PSTU,isolado,8333,PSTU,PARTIDO ISOLADO,0
2002,DE,PT do B,isolado,229,PT do B,PARTIDO ISOLADO,0
2002,DE,PTB,isolado,676162,PTB,PARTIDO ISOLADO,6
2002,DE,PTN,isolado,2137,PTN,PARTIDO ISOLADO,0
2002,DE,PV,isolado,18206,PV,PARTIDO ISOLADO,0
2002,DF,37,coligacao,1510453,PT / PCB / PMN / PC do B,FRENTE POPULAR,8
2002,DF,41,coligacao,646178,PDT / PAN,PDT/PAN - DE/DF,3
2002,DF,42,coligacao,1024505,PMDB / PHS,UNIÃO PELO RIO GRANDE - DE/DF,6
2002,DF,43,coligacao,364666,PPS / PFL / PT do B ,O RIO GRANDE EM PRIMEIRO LUGAR DE/DF,2
2002,DF,PAN,isolado,225,PAN,PARTIDO ISOLADO,0
2002,DF,PC do B,isolado,34,PC do B,PARTIDO ISOLADO,0
2002,DF,PCB,isolado,1933,PCB,PARTIDO ISOLADO,0
2002,DF,PCO,isolado,1887,PCO,PARTIDO ISOLADO,0
2002,DF,PFL,isolado,16,PFL,PARTIDO ISOLADO,0
2002,DF,PGT,isolado,1693,PGT,PARTIDO ISOLADO,0
2002,DF,PHS,isolado,93,PHS,PARTIDO ISOLADO,0
2002,DF,PL,isolado,193676,PL,PARTIDO ISOLADO,1
2002,DF,PMN,isolado,1189,PMN,PARTIDO ISOLADO,0
2002,DF,PPB,isolado,1061039,PPB,PARTIDO ISOLADO,6
2002,DF,PPS,isolado,22,PPS,PARTIDO ISOLADO,0
2002,DF,PRONA,isolado,14401,PRONA,PARTIDO ISOLADO,0
2002,DF,PSB,isolado,195296,PSB,PARTIDO ISOLADO,1
2002,DF,PSC,isolado,6164,PSC,PARTIDO ISOLADO,0
2002,DF,PSDB,isolado,300071,PSDB,PARTIDO ISOLADO,1
2002,DF,PSTU,isolado,8829,PSTU,PARTIDO ISOLADO,0
2002,DF,PT do B,isolado,775,PT do B,PARTIDO ISOLADO,0
2002,DF,PTB,isolado,530111,PTB,PARTIDO ISOLADO,3
2002,DF,PTN,isolado,3614,PTN,PARTIDO ISOLADO,0
2002,DF,PV,isolado,15656,PV,PARTIDO ISOLADO,0
2006,DE,1006,coligacao,1131712,PT / PC do B,FRENTE POPULAR - A FORÇA DO POVO,11
2006,DE,1028,coligacao,77336,PCB / PSOL,FRENTE DE ESQUERDA RIO GRANDE,0
2006,DE,1088,coligacao,506389,PTB / PMN,PTB/PMN,5
2006,DE,1089,coligacao,87575,PSC / PL / PAN / PRTB / PHS / PTC / PT do B,LEVANTA RIO GRANDE  A ,0
2006,DE,1095,coligacao,881650,PPS / PSDB,PSDB/PPS,9
2006,DE,PCO,isolado,1430,PCO,PARTIDO ISOLADO,0
2006,DE,PDT,isolado,738002,PDT,PARTIDO ISOLADO,7
2006,DE,PFL,isolado,317666,PFL,PARTIDO ISOLADO,3
2006,DE,PMDB,isolado,976736,PMDB,PARTIDO ISOLADO,9
2006,DE,PP,isolado,956262,PP,PARTIDO ISOLADO,9
2006,DE,PRONA,isolado,7108,PRONA,PARTIDO ISOLADO,0
2006,DE,PSB,isolado,219931,PSB,PARTIDO ISOLADO,2
2006,DE,PSDC,isolado,1812,PSDC,PARTIDO ISOLADO,0
2006,DE,PSL,isolado,706,PSL,PARTIDO ISOLADO,0
2006,DE,PSTU,isolado,13013,PSTU,PARTIDO ISOLADO,0
2006,DE,PV,isolado,60005,PV,PARTIDO ISOLADO,0
2006,DF,1005,coligacao,1408204,PT / PC do B,FRENTE POPULAR - A FORÇA DO POVO,8
2006,DF,1027,coligacao,226146,PCB / PSOL,FRENTE DE ESQUERDA RIO GRANDE,1
2006,DF,1087,coligacao,527416,PTB / PMN,PTB/PMN,3
2006,DF,1098,coligacao,915103,PL / PPS / PFL / PSDB,UNIÃO RIO GRANDE AFIRMATIVO,5
2006,DF,1140,coligacao,54272,PSC / PAN / PRTB / PHS / PTC / PT do B,LEVANTA RIO GRANDE,0
2006,DF,PCO,isolado,2050,PCO,PARTIDO ISOLADO,0
2006,DF,PDT,isolado,562076,PDT,PARTIDO ISOLADO,3
2006,DF,PMDB,isolado,1003683,PMDB,PARTIDO ISOLADO,5
2006,DF,PP,isolado,868908,PP,PARTIDO ISOLADO,5
2006,DF,PRONA,isolado,17065,PRONA,PARTIDO ISOLADO,0
2006,DF,PSB,isolado,285355,PSB,PARTIDO ISOLADO,1
2006,DF,PSDC,isolado,1579,PSDC,PARTIDO ISOLADO,0
2006,DF,PSL,isolado,677,PSL,PARTIDO ISOLADO,0
2006,DF,PSTU,isolado,3190,PSTU,PARTIDO ISOLADO,0
2006,DF,PV,isolado,74739,PV,PARTIDO ISOLADO,0
2010,DE,210000000003,coligacao,461242,PC do B / PR / PSB,UNIDADE PELO RIO GRANDE,4
2010,DE,210000000017,coligacao,897809,PMDB / PSDC,JUNTOS PELO RIO GRANDE I,8
2010,DE,210000000020,coligacao,783330,PDT / PTN,PDT - PTN,7
2010,DE,210000000028,coligacao,880722,PHS / PPS / PRB / PSC / PSDB / PSL / PT do B,GRANDE RIO GRANDE,8
2010,DE,DEM,isolado,124187,DEM,DEMOCRATAS,1
2010,DE,PCB,isolado,1543,PCB,PARTIDO COMUNISTA BRASILEIRO,0
2010,DE,PMN,isolado,2167,PMN,PARTIDO DA MOBILIZAÇÃO NACIONAL,0
2010,DE,PP,isolado,785481,PP,PARTIDO PROGRESSISTA,7
2010,DE,PRP,isolado,10586,PRP,PARTIDO REPUBLICANO PROGRESSISTA,0
2010,DE,PSOL,isolado,80917,PSOL,PARTIDO SOCIALISMO E LIBERDADE,0
2010,DE,PSTU,isolado,7685,PSTU,PARTIDO SOCIALISTA DOS TRABALHADORES UNIFICADO,0
2010,DE,PT,isolado,1505681,PT,PARTIDO DOS TRABALHADORES,14
2010,DE,PTB,isolado,604870,PTB,PARTIDO TRABALHISTA BRASILEIRO,6
2010,DE,PTC,isolado,4568,PTC,PARTIDO TRABALHISTA CRISTÃO,0
2010,DE,PV,isolado,85745,PV,PARTIDO VERDE,0
2010,DF,210000000003,coligacao,925554,PC do B / PR / PSB,UNIDADE PELO RIO GRANDE,5
2010,DF,210000000017,coligacao,778330,PMDB / PSDC,JUNTOS PELO RIO GRANDE I,4
2010,DF,210000000020,coligacao,519667,PDT / PTN,PDT - PTN,3
2010,DF,210000000025,coligacao,807042,DEM / PTB,ALIANÇA TRABALHISTA DEMOCRÁTICA,4
2010,DF,210000000031,coligacao,1317848,PHS / PP / PPS / PRB / PSC / PSDB / PSL / PT do B,RIO GRANDE AFIRMATIVO,7
2010,DF,PCB,isolado,1957,PCB,PARTIDO COMUNISTA BRASILEIRO,0
2010,DF,PMN,isolado,4007,PMN,PARTIDO DA MOBILIZAÇÃO NACIONAL,0
2010,DF,PRP,isolado,9812,PRP,PARTIDO REPUBLICANO PROGRESSISTA,0
2010,DF,PSOL,isolado,179578,PSOL,PARTIDO SOCIALISMO E LIBERDADE,0
2010,DF,PSTU,isolado,8579,PSTU,PARTIDO SOCIALISTA DOS TRABALHADORES UNIFICADO,0
2010,DF,PT,isolado,1533623,PT,PARTIDO DOS TRABALHADORES,8
2010,DF,PTC,isolado,2606,PTC,PARTIDO TRABALHISTA CRISTÃO,0
2010,DF,PV,isolado,76732,PV,PARTIDO VERDE,0
2014,DE,210000000002,coligacao,124049,PSOL / PSTU,FRENTE DE ESQUERDA - PSOL / PSTU,1
2014,DE,210000000005,coligacao,885130,DEM / PDT,UNIDADE DEMOCRATA TRABALHISTA,8
2014,DE,210000000012,coligacao,124789,PHS / PSD / PSDC / PSL / PT do B,RIO GRANDE UNIDO PODE MAIS,1
2014,DE,210000000014,coligacao,429267,PPS / PSB,JUNTOS PELO RIO GRANDE,4
2014,DE,210000000022,coligacao,493762,PC do B / PPL / PR / PROS / PTC,AVANÇAR NAS MUDANÇAS,4
2014,DE,210000000025,coligacao,112409,PEN / PSC / PV,UNIÃO VERDE ECOLOGICA CRISTÃ,1
2014,DE,210000000026,coligacao,555968,PRB / PSDB / SD,ESPERANÇA POR UM RIO GRANDE MELHOR,5
2014,DE,PCB,isolado,2247,PCB,PARTIDO ISOLADO,0
2014,DE,PMDB,isolado,840454,PMDB,PARTIDO ISOLADO,8
2014,DE,PMN,isolado,3188,PMN,PARTIDO ISOLADO,0
2014,DE,PP,isolado,830495,PP,PARTIDO ISOLADO,7
2014,DE,PRP,isolado,4776,PRP,PARTIDO ISOLADO,0
2014,DE,PRTB,isolado,7340,PRTB,PARTIDO ISOLADO,0
2014,DE,PT,isolado,1175605,PT,PARTIDO ISOLADO,11
2014,DE,PTB,isolado,519840,PTB,PARTIDO ISOLADO,5
2014,DF,210000000002,coligacao,88054,PSOL / PSTU,FRENTE DE ESQUERDA - PSOL / PSTU,0
2014,DF,210000000006,coligacao,719685,DEM / PDT / PEN / PSC / PV,A FORÇA DO RIO GRANDE,4
2014,DF,210000000015,coligacao,638265,PHS / PPS / PSB / PSD / PSDC / PSL / PT do B,UNIDOS PELO RIO GRANDE,3
2014,DF,210000000020,coligacao,1409505,PP / PRB / PSDB / SD,UNIDOS PELA ESPERANÇA,8
2014,DF,210000000024,coligacao,705910,PC do B / PPL / PR / PROS / PTB / PTC,MAIS DESENVOLVIMENTO. MAIS CONQUISTAS.,4
2014,DF,PCB,isolado,2445,PCB,PARTIDO ISOLADO,0
2014,DF,PMDB,isolado,981415,PMDB,PARTIDO ISOLADO,5
2014,DF,PMN,isolado,3507,PMN,PARTIDO ISOLADO,0
2014,DF,PRP,isolado,3764,PRP,PARTIDO ISOLADO,0
2014,DF,PRTB,isolado,4249,PRTB,PARTIDO ISOLADO,0
2014,DF,PT,isolado,1385264,PT,PARTIDO ISOLADO,7
2018,DE,210000050000,coligacao,183307,PSOL / PCB,Independência e Luta para Mudar o Rio Grande,1
2018,DE,210000050099,coligacao,590096,DEM / PSL,RIO GRANDE ACIMA DE TUDO,6
2018,DE,210000050137,coligacao,429409,PDT / PMB,FRENTE TRABALHISTA,4
2018,DE,210000050167,coligacao,486190,PSDB / PPS / PHS / REDE,JUNTOS PELO RIO GRANDE,5
2018,DE,210000050193,coligacao,976947,PP / PTB,TRABALHO E PROGRESSO,10
2018,DE,210000050324,coligacao,308157,PSD / PATRI / PR,O RIO GRANDE NO CAMINHO CERTO,3
2018,DE,210000050423,coligacao,132658,PV / PPL / AVANTE / PODE,RENOVA RIO GRANDE,1
2018,DE,210000050460,coligacao,75801,PSC / PMN / PTC / PRP,AGORA É A HORA,0
2018,DE,DC,isolado,6247,DC,PARTIDO ISOLADO,0
2018,DE,MDB,isolado,764384,MDB,PARTIDO ISOLADO,8
2018,DE,NOVO,isolado,190078,NOVO,PARTIDO ISOLADO,2
2018,DE,PC do B,isolado,88581,PC do B,PARTIDO ISOLADO,0
2018,DE,PRB,isolado,196811,PRB,PARTIDO ISOLADO,2
2018,DE,PROS,isolado,45752,PROS,PARTIDO ISOLADO,0
2018,DE,PSB,isolado,301390,PSB,PARTIDO ISOLADO,3
2018,DE,PSTU,isolado,3564,PSTU,PARTIDO ISOLADO,0
2018,DE,PT,isolado,834730,PT,PARTIDO ISOLADO,9
2018,DE,SOLIDARIEDADE,isolado,136259,SOLIDARIEDADE,PARTIDO ISOLADO,1
2018,DF,210000050000,coligacao,185961,PSOL / PCB,Independência e Luta para Mudar o Rio Grande,1
2018,DF,210000050033,coligacao,587832,PSB / PR / PATRI,Unidos pelo Rio Grande,3
2018,DF,210000050101,coligacao,692572,DEM / PROS / PSL,ENDIREITA RIO GRANDE,4
2018,DF,210000050108,coligacao,128669,SOLIDARIEDADE / AVANTE / PPL / PODE,JUNTOS O RIO GRANDE TEM SOLUÇÃO,0
2018,DF,210000050135,coligacao,517020,PDT / PMB / PV,FRENTE TRABALHISTA SUSTENTAVEL,3
2018,DF,210000050140,coligacao,1385041,PSDB / PTB / PRB / REDE / PP,COLIGAÇÃO RIO GRANDE UNIDO E FORTE,9
2018,DF,210000050292,coligacao,129900,PPS / PHS,O RIO GRANDE QUE QUEREMOS,0
2018,DF,210000050441,coligacao,224925,PSD / PSC / PMN / PRP / PTC,RIO GRANDE VENCEDOR,1
2018,DF,DC,isolado,2813,DC,PARTIDO ISOLADO,0
2018,DF,MDB,isolado,674805,MDB,PARTIDO ISOLADO,4
2018,DF,NOVO,isolado,437390,NOVO,PARTIDO ISOLADO,1
2018,DF,PC do B,isolado,81615,PC do B,PARTIDO ISOLADO,0
2018,DF,PSTU,isolado,2715,PSTU,PARTIDO ISOLADO,0
2018,DF,PT,isolado,793819,PT,PARTIDO ISOLADO,5
2022,DE,210001680967,federacao,288839,PSOL / REDE,FEDERAÇÃO,2
2022,DE,210001681525,federacao,1187425,PC do B / PT / PV,FEDERAÇÃO,12
2022,DE,210001682211,federacao,543632,CIDADANIA / PSDB,FEDERAÇÃO,5
2022,DE,AVANTE,isolado,32155,AVANTE,PARTIDO ISOLADO,0
2022,DE,DC,isolado,466,DC,PARTIDO ISOLADO,0
2022,DE,MDB,isolado,629558,MDB,PARTIDO ISOLADO,6
2022,DE,NOVO,isolado,147221,NOVO,PARTIDO ISOLADO,1
2022,DE,PATRIOTA,isolado,20643,PATRIOTA,PARTIDO ISOLADO,0
2022,DE,PCB,isolado,3833,PCB,PARTIDO ISOLADO,0
2022,DE,PDT,isolado,467723,PDT,PARTIDO ISOLADO,4
2022,DE,PL,isolado,519833,PL,PARTIDO ISOLADO,5
2022,DE,PODE,isolado,196671,PODE,PARTIDO ISOLADO,2
2022,DE,PP,isolado,693464,PP,PARTIDO ISOLADO,7
2022,DE,PRTB,isolado,2439,PRTB,PARTIDO ISOLADO,0
2022,DE,PSB,isolado,160139,PSB,PARTIDO ISOLADO,1
2022,DE,PSC,isolado,91989,PSC,PARTIDO ISOLADO,0
2022,DE,PSD,isolado,181035,PSD,PARTIDO ISOLADO,1
2022,DE,PSTU,isolado,1883,PSTU,PARTIDO ISOLADO,0
2022,DE,PTB,isolado,106233,PTB,PARTIDO ISOLADO,1
2022,DE,REPUBLICANOS,isolado,546106,REPUBLICANOS,PARTIDO ISOLADO,5
2022,DE,SOLIDARIEDADE,isolado,29106,SOLIDARIEDADE,PARTIDO ISOLADO,0
2022,DE,UNIÃO,isolado,305406,UNIÃO,PARTIDO ISOLADO,3
2022,DF,210001680908,federacao,303180,PSOL / REDE,FEDERAÇÃO,1
2022,DF,210001681253,federacao,1168128,PC do B / PT / PV,FEDERAÇÃO,7
2022,DF,210001682205,federacao,480995,CIDADANIA / PSDB,FEDERAÇÃO,3
2022,DF,AGIR,isolado,425,AGIR,PARTIDO ISOLADO,0
2022,DF,AVANTE,isolado,39776,AVANTE,PARTIDO ISOLADO,0
2022,DF,DC,isolado,1187,DC,PARTIDO ISOLADO,0
2022,DF,MDB,isolado,586325,MDB,PARTIDO ISOLADO,3
2022,DF,NOVO,isolado,301966,NOVO,PARTIDO ISOLADO,1
2022,DF,PATRIOTA,isolado,28516,PATRIOTA,PARTIDO ISOLADO,0
2022,DF,PCB,isolado,3661,PCB,PARTIDO ISOLADO,0
2022,DF,PDT,isolado,321317,PDT,PARTIDO ISOLADO,2
2022,DF,PL,isolado,680192,PL,PARTIDO ISOLADO,4
2022,DF,PODE,isolado,318850,PODE,PARTIDO ISOLADO,1
2022,DF,PP,isolado,522295,PP,PARTIDO ISOLADO,3
2022,DF,PROS,isolado,1264,PROS,PARTIDO ISOLADO,0
2022,DF,PRTB,isolado,2656,PRTB,PARTIDO ISOLADO,0
2022,DF,PSB,isolado,193200,PSB,PARTIDO ISOLADO,1
2022,DF,PSC,isolado,29346,PSC,PARTIDO ISOLADO,0
2022,DF,PSD,isolado,295357,PSD,PARTIDO ISOLADO,1
2022,DF,PSTU,isolado,1842,PSTU,PARTIDO ISOLADO,0
2022,DF,PTB,isolado,89766,PTB,PARTIDO ISOLADO,0
2022,DF,REPUBLICANOS,isolado,549530,REPUBLICANOS,PARTIDO ISOLADO,3
2022,DF,SOLIDARIEDADE,isolado,12595,SOLIDARIEDADE,PARTIDO ISOLADO,0
2022,DF,UNIÃO,isolado,215367,UNIÃO,PARTIDO ISOLADO,1
2022,DF,UP,isolado,2086,UP,PARTIDO ISOLADO,0
