ano,cargo,partido,lista,cadeiras
2002,DE,PC do B,37,1
2002,DE,PDT,41,7
2002,DE,PFL,43,1
2002,DE,PMDB,42,9
2002,DE,PPB,PPB,10
2002,DE,PPS,43,3
2002,DE,PSB,PSB,2
2002,DE,PSDB,PSDB,3
2002,DE,PT,37,13
2002,DE,PTB,PTB,6
2002,DF,PDT,41,3
2002,DF,PFL,43,1
2002,DF,PL,PL,1
2002,DF,PMDB,42,6
2002,DF,PPB,PPB,6
2002,DF,PPS,43,1
2002,DF,PSB,PSB,1
2002,DF,PSDB,PSDB,1
2002,DF,PT,37,8
2002,DF,PTB,PTB,3
2006,DE,PC do B,1006,1
2006,DE,PDT,PDT,7
2006,DE,PFL,PFL,3
2006,DE,PMDB,PMDB,9
2006,DE,PP,PP,9
2006,DE,PPS,1095,4
2006,DE,PSB,PSB,2
2006,DE,PSDB,1095,5
2006,DE,PT,1006,10
2006,DE,PTB,1088,5
2006,DF,PC do B,1005,1
2006,DF,PDT,PDT,3
2006,DF,PFL,1098,2
2006,DF,PMDB,PMDB,5
2006,DF,PP,PP,5
2006,DF,PPS,1098,1
2006,DF,PSB,PSB,1
2006,DF,PSDB,1098,2
2006,DF,PSOL,1027,1
2006,DF,PT,1005,7
2006,DF,PTB,1087,3
2010,DE,DEM,DEM,1
2010,DE,PC do B,210000000003,1
2010,DE,PDT,210000000020,7
2010,DE,PMDB,210000000017,8
2010,DE,PP,PP,7
2010,DE,PPS,210000000028,2
2010,DE,PRB,210000000028,1
2010,DE,PSB,210000000003,3
2010,DE,PSDB,210000000028,5
2010,DE,PT,PT,14
2010,DE,PTB,PTB,6
2010,DF,DEM,210000000025,1
2010,DF,PC do B,210000000003,2
2010,DF,PDT,210000000020,3
2010,DF,PMDB,210000000017,4
2010,DF,PP,210000000031,6
2010,DF,PSB,210000000003,3
2010,DF,PSDB,210000000031,1
2010,DF,PT,PT,8
2010,DF,PTB,210000000025,3
2014,DE,PC do B,210000000022,2
2014,DE,PDT,210000000005,8
2014,DE,PMDB,PMDB,8
2014,DE,PP,PP,7
2014,DE,PPL,210000000022,1
2014,DE,PPS,210000000014,1
2014,DE,PR,210000000022,1
2014,DE,PRB,210000000026,1
2014,DE,PSB,210000000014,3
2014,DE,PSD,210000000012,1
2014,DE,PSDB,210000000026,4
2014,DE,PSOL,210000000002,1
2014,DE,PT,PT,11
2014,DE,PTB,PTB,5
2014,DE,PV,210000000025,1
2014,DF,DEM,210000000006,1
2014,DF,PC do B,210000000024,1
2014,DF,PDT,210000000006,3
2014,DF,PMDB,PMDB,5
2014,DF,PP,210000000020,6
2014,DF,PRB,210000000020,1
2014,DF,PSB,210000000015,2
2014,DF,PSD,210000000015,1
2014,DF,PSDB,210000000020,1
2014,DF,PT,PT,7
2014,DF,PTB,210000000024,3
2018,DE,DEM,210000050099,2
2018,DE,MDB,MDB,8
2018,DE,NOVO,NOVO,2
2018,DE,PDT,210000050137,4
2018,DE,PODE,210000050423,1
2018,DE,PP,210000050193,6
2018,DE,PPS,210000050167,1
2018,DE,PR,210000050324,2
2018,DE,PRB,PRB,2
2018,DE,PSB,PSB,3
2018,DE,PSD,210000050324,1
2018,DE,PSDB,210000050167,4
2018,DE,PSL,210000050099,4
2018,DE,PSOL,210000050000,1
2018,DE,PT,PT,9
2018,DE,PTB,210000050193,4
2018,DE,SOLIDARIEDADE,SOLIDARIEDADE,1
2018,DF,DEM,210000050101,1
2018,DF,MDB,MDB,4
2018,DF,NOVO,NOVO,1
2018,DF,PDT,210000050135,3
2018,DF,PP,210000050140,4
2018,DF,PR,210000050033,1
2018,DF,PRB,210000050140,1
2018,DF,PSB,210000050033,2
2018,DF,PSD,210000050441,1
2018,DF,PSDB,210000050140,2
2018,DF,PSL,210000050101,3
2018,DF,PSOL,210000050000,1
2018,DF,PT,PT,5
2018,DF,PTB,210000050140,2
2022,DE,MDB,MDB,6
2022,DE,NOVO,NOVO,1
2022,DE,PC do B,210001681525,1
2022,DE,PDT,PDT,4
2022,DE,PL,PL,5
2022,DE,PODE,PODE,2
2022,DE,PP,PP,7
2022,DE,PSB,PSB,1
2022,DE,PSD,PSD,1
2022,DE,PSDB,210001682211,5
2022,DE,PSOL,210001680967,2
2022,DE,PT,210001681525,11
2022,DE,PTB,PTB,1
2022,DE,REPUBLICANOS,REPUBLICANOS,5
2022,DE,UNIÃO,UNIÃO,3
2022,DF,CIDADANIA,210001682205,1
2022,DF,MDB,MDB,3
2022,DF,NOVO,NOVO,1
2022,DF,PC do B,210001681253,1
2022,DF,PDT,PDT,2
2022,DF,PL,PL,4
2022,DF,PODE,PODE,1
2022,DF,PP,PP,3
2022,DF,PSB,PSB,1
2022,DF,PSD,PSD,1
2022,DF,PSDB,210001682205,2
2022,DF,PSOL,210001680908,1
2022,DF,PT,210001681253,6
2022,DF,REPUBLICANOS,REPUBLICANOS,3
2022,DF,UNIÃO,UNIÃO,1
