ano,turno,votos_pt,votos_antipt,votos_outros,validos,aptos,comparecimento,brancos,nulos,pct_pt_validos,pct_antipt_validos,pct_outros_validos,pct_pt_dois
2002,1,39455233,19705445,25791834,84952512,115253816.0,94805583.0,2873753.0,6976685.0,46.4439,23.1958,30.3603,66.6917
2002,2,52793364,33370739,0,86164103,115253816.0,91664259.0,1727760.0,3772138.0,61.2707,38.7293,0.0,61.2707
2006,1,46662365,39968369,9365999,95996733,125913235.0,104820459.0,2866205.0,5957521.0,48.6083,41.6351,9.7566,53.8635
2006,2,58295042,37543178,0,95838220,125913235.0,101998221.0,1351448.0,4808553.0,60.8265,39.1735,0.0,60.8265
2010,1,47651434,33132283,20806436,101590153,135804084.0,111193747.0,3479340.0,6124254.0,46.9056,32.6137,20.4808,58.9864
2010,2,55752529,43711388,0,99463917,135804084.0,106606214.0,2452597.0,4689428.0,56.053,43.947,0.0,56.053
2014,1,43267668,34897211,25858923,104023802,142821362.0,115122883.0,4420489.0,6678592.0,41.594,33.5473,24.8587,55.3544
2014,2,54501118,51041155,0,105542273,142821362.0,112683879.0,1921819.0,5219787.0,51.6391,48.3609,0.0,51.6391
2018,1,31342051,49277010,26431688,107050749,132416889.0,105439891.0,2919699.0,6698539.0,29.2778,46.0314,24.6908,38.8767
2018,2,47040906,57797847,0,104838753,132417040.0,104488077.0,2324457.0,7988943.0,44.8698,55.1302,0.0,44.8698
2022,1,57259504,51072345,9897870,118229719,140119561.0,110855484.0,1849845.0,3243927.0,48.4307,43.1976,8.3717,52.8557
2022,2,60345999,58206354,0,118552353,140119614.0,111716642.0,1649270.0,3676116.0,50.9024,49.0976,0.0,50.9024
