ano,uf,sq,nome,partido,federacao,coligacao,votos,votos_validos,candidatura,situacao
2026,AC,10002548050,MARCIO BITTAR,PL,,AVANÇA ACRE,223972,223972,#NE,ELEITO
2026,AC,10002533895,MARA ROCHA,REPUBLICANOS,,TRABALHO DA ESPERANÇA,157104,157104,#NE,ELEITO
2026,AC,10002548046,GLADSON CAMELÍ,PP,UNIÃO/PP,AVANÇA ACRE,145244,0,#NE,NÃO ELEITO
2026,AC,10002536441,JORGE VIANA,PT,PT/PC do B/PV,FRENTE AMPLA PELO ACRE,124063,124063,#NE,NÃO ELEITO
2026,AC,10002544274,EDUARDO VELLOSO,SOLIDARIEDADE,PRD/SOLIDARIEDADE,PRODUZIR PARA EMPREGAR,95128,95128,#NE,NÃO ELEITO
2026,AC,10002535804,PETECÃO,PSD,,TRABALHO DA ESPERANÇA,90849,90849,#NE,NÃO ELEITO
2026,AC,10002544110,PROFESSOR INACIO MOREIRA,PSOL,PSOL/REDE,FEDERAÇÃO,19659,19659,#NE,NÃO ELEITO
2026,AC,10002536710,DR. JUNIOR FEITOSA,DC,,PARTIDO ISOLADO,19283,19283,#NE,NÃO ELEITO
2026,AL,20002553272,ARTHUR LIRA,PP,UNIÃO/PP,ALAGOAS GIGANTE II,948703,948703,#NE,ELEITO
2026,AL,20002553711,MARINA JHC,PSDB,PSDB/CIDADANIA,ALAGOAS GIGANTE II,926860,926860,#NE,ELEITO
2026,AL,20002553727,RENAN,MDB,,PRA ALAGOAS FAZER HISTÓRIA DE NOVO,731045,731045,#NE,NÃO ELEITO
2026,AL,20002553726,DR. WANDERLEY,MDB,,PRA ALAGOAS FAZER HISTÓRIA DE NOVO,358478,358478,#NE,NÃO ELEITO
2026,AL,20002548147,DAVI DAVINO FILHO,REPUBLICANOS,,PARTIDO ISOLADO,293008,293008,#NE,NÃO ELEITO
2026,AL,20002540197,ALEXANDRE FLEMING,UP,,PARTIDO ISOLADO,26048,26048,#NE,NÃO ELEITO
2026,AL,20002552524,MARIEDSON,DEMOCRATA,,PARTIDO ISOLADO,2459,2459,#NE,NÃO ELEITO
2026,AM,40002531447,EDUARDO BRAGA,MDB,,FORÇA AMAZONAS,1240471,1240471,#NE,ELEITO
2026,AM,40002537344,PLINIO VALÉRIO,PSDB,PSDB/CIDADANIA,FEDERAÇÃO,948793,948793,#NE,ELEITO
2026,AM,40002542686,CAPITÃO ALBERTO NETO,PL,,MUDAR É URGENTE,909155,909155,#NE,NÃO ELEITO
2026,AM,40002541744,WILSON LIMA,UNIÃO,UNIÃO/PP,UNIÃO PELO AMAZONAS,456854,456854,#NE,NÃO ELEITO
2026,AM,40002551281,PROFESSORA EVANY,PSOL,PSOL/REDE,FEDERAÇÃO,220880,220880,#NE,NÃO ELEITO
2026,AM,40002550806,XUXA DO AMAZONAS,MOBILIZA,,PARTIDO ISOLADO,46757,46757,#NE,NÃO ELEITO
2026,AM,40002535391,DAILSON CORRÊA,DC,,PARTIDO ISOLADO,13913,13913,#NE,NÃO ELEITO
2026,AM,40002535270,EVANDRO DE OLIVEIRA,PSTU,,PARTIDO ISOLADO,5022,5022,#NE,NÃO ELEITO
2026,AP,30002530071,RAYSSA FURLAN,PODE,,TRABALHAR PARA TRANSFORMAR O AMAPÁ,264799,264799,#NE,ELEITO
2026,AP,30002530069,LUCAS BARRETO,PSD,,TRABALHAR PARA TRANSFORMAR O AMAPÁ,213948,213948,#NE,ELEITO
2026,AP,30002549909,RANDOLFE,PT,PT/PC do B/PV,JUNTOS POR TODO O AMAPÁ,163857,163857,#NE,NÃO ELEITO
2026,AP,30002549911,ACÁCIO FAVACHO,MDB,,PARTIDO ISOLADO,131321,131321,#NE,NÃO ELEITO
2026,AP,30002551576,ALLINY SERRÃO,UNIÃO,UNIÃO/PP,JUNTOS POR TODO O AMAPÁ,85540,85540,#NE,NÃO ELEITO
2026,AP,30002550229,CAPI,PSB,,PARTIDO ISOLADO,19380,19380,#NE,NÃO ELEITO
2026,AP,30002551382,JUÍZA JÔ,DC,,PARTIDO ISOLADO,2616,2616,#NE,NÃO ELEITO
2026,AP,30002551381,PROFESSOR UZIAN PINTO,DC,,PARTIDO ISOLADO,1068,1068,#NE,NÃO ELEITO
2026,AP,30002553708,HELIO SILVA,PCO,,PARTIDO ISOLADO,696,696,#NE,NÃO ELEITO
2026,BA,50002536321,RUI COSTA,PT,PT/PC do B/PV,MAIS BAHIA MAIS BRASIL,4335196,4335196,#NE,ELEITO
2026,BA,50002536317,JAQUES WAGNER,PT,PT/PC do B/PV,MAIS BAHIA MAIS BRASIL,3986690,3986690,#NE,ELEITO
2026,BA,50002533124,ANGELO CORONEL,REPUBLICANOS,,UNIDOS PARA MUDAR A BAHIA,2898885,2898885,#NE,NÃO ELEITO
2026,BA,50002533123,JOÃO ROMA,PL,,UNIDOS PARA MUDAR A BAHIA,2879443,2879443,#NE,NÃO ELEITO
2026,BA,50002534769,PROFESSORA DELLIANA,PSOL,PSOL/REDE,FEDERAÇÃO,215190,215190,#NE,NÃO ELEITO
2026,BA,50002534774,MARCELO CARVALHO,REDE,PSOL/REDE,FEDERAÇÃO,50929,50929,#NE,NÃO ELEITO
2026,BA,50002536625,CARLOS SODRÉ,MOBILIZA,,PARTIDO ISOLADO,21374,21374,#NE,NÃO ELEITO
2026,BA,50002536577,MARCELO SANTTANA,DC,,PARTIDO ISOLADO,13173,13173,#NE,NÃO ELEITO
2026,BA,50002550314,GREGORIO GOULD,UP,,PARTIDO ISOLADO,12609,12609,#NE,NÃO ELEITO
2026,BA,50002553643,MARCELO MILLET,PCO,,PARTIDO ISOLADO,4920,4920,#NE,NÃO ELEITO
2026,CE,60002542479,CID GOMES,PSB,,"CEARÁ FORTE, DO LADO CERTO",3033562,3033562,#NE,ELEITO
2026,CE,60002542476,LUIZIANNE,REDE,PSOL/REDE,"CEARÁ FORTE, DO LADO CERTO",2822806,2822806,#NE,ELEITO
2026,CE,60002540753,CAPITÃO WAGNER,UNIÃO,UNIÃO/PP,UNIR PARA MUDAR,2011388,2011388,#NE,NÃO ELEITO
2026,CE,60002540754,ALCIDES FERNANDES,PL,,UNIR PARA MUDAR,1776782,1776782,#NE,NÃO ELEITO
2026,CE,60002533959,CATARINA MATOS,UP,,PARTIDO ISOLADO,39185,39185,#NE,NÃO ELEITO
2026,CE,60002539687,GUILHERME THEOPHILO,NOVO,,PARTIDO ISOLADO,24218,24218,#NE,NÃO ELEITO
2026,CE,60002550748,REGINALDO,PSTU,,PARTIDO ISOLADO,7065,7065,#NE,NÃO ELEITO
2026,CE,60002551397,LINO ALVES,PCO,,PARTIDO ISOLADO,2677,0,#NE,NÃO ELEITO
2026,DF,70002552936,MICHELLE BOLSONARO,PL,,PROPÓSITO E AÇÃO,938496,938496,#NE,ELEITO
2026,DF,70002552934,BIA KICIS,PL,,PROPÓSITO E AÇÃO,886616,886616,#NE,ELEITO
2026,DF,70002552492,LEILA DO VÔLEI,PDT,,DF DO POVO,686340,686340,#NE,NÃO ELEITO
2026,DF,70002552490,ERIKA KOKAY,PT,PT/PC do B/PV,DF DO POVO,610950,610950,#NE,NÃO ELEITO
2026,DF,70002548624,SEBASTIÃO COELHO,NOVO,,PARTIDO ISOLADO,67396,67396,#NE,NÃO ELEITO
2026,DF,70002537112,PROFESSOR GUILHERME AMORIM,UP,,PARTIDO ISOLADO,14861,14861,#NE,NÃO ELEITO
2026,DF,70002553296,GUTO FELÍCIO DOS SANTOS,PSDB,PSDB/CIDADANIA,FEDERAÇÃO,9534,9534,#NE,NÃO ELEITO
2026,DF,70002552582,MARLEY,AVANTE,,PARTIDO ISOLADO,6522,6522,#NE,NÃO ELEITO
2026,DF,70002551323,TIAGO,AGIR,,PARTIDO ISOLADO,4238,0,#NE,NÃO ELEITO
2026,DF,70002536445,ZANATA,PSTU,,PARTIDO ISOLADO,3572,3572,#NE,NÃO ELEITO
2026,DF,70002551426,DAVID HORN,PCO,,PARTIDO ISOLADO,2032,2032,#NE,NÃO ELEITO
2026,ES,80002551370,RENATO CASAGRANDE,PSB,,AGORA É O FUTURO,995361,995361,#NE,ELEITO
2026,ES,80002553265,EVAIR DE MELO,REPUBLICANOS,,PAZ PRA VIVER UM NOVO TEMPO,982978,982978,#NE,ELEITO
2026,ES,80002553269,MAGUINHA MALTA,PL,,PAZ PRA VIVER UM NOVO TEMPO,761722,761722,#NE,NÃO ELEITO
2026,ES,80002550187,FABIANO CONTARATO,PT,PT/PC do B/PV,FEDERAÇÃO,521431,521431,#NE,NÃO ELEITO
2026,ES,80002552692,SERGIO MENEGUELLI,PSD,,PARTIDO ISOLADO,301897,301897,#NE,NÃO ELEITO
2026,ES,80002538202,MARCOS DO VAL,AVANTE,,PARTIDO ISOLADO,167900,167900,#NE,NÃO ELEITO
2026,ES,80002551368,ROSE DE FREITAS,MDB,,AGORA É O FUTURO,164383,164383,#NE,NÃO ELEITO
2026,ES,80002542401,CALLEGARI,DC,,SENADO FORTE,50150,50150,#NE,NÃO ELEITO
2026,ES,80002549404,PROFESSOR FABIAN,PSOL,PSOL/REDE,FEDERAÇÃO,42902,42902,#NE,NÃO ELEITO
2026,ES,80002530022,LEONARDO MONJARDIM,NOVO,,PARTIDO ISOLADO,25505,25505,#NE,NÃO ELEITO
2026,ES,80002552373,RODNEY MIRANDA,PRTB,,PARTIDO ISOLADO,15698,15698,#NE,NÃO ELEITO
2026,GO,90002543556,GUSTAVO GAYER,PL,,GOIAS QUE CRESCE,1639247,1639247,#NE,ELEITO
2026,GO,90002540997,GRACINHA CAIADO,UNIÃO,UNIÃO/PP,FEDERAÇÃO,1458522,1458522,#NE,ELEITO
2026,GO,90002546974,DR. ZACHARIAS CALIL,MDB,,PARTIDO ISOLADO,998319,998319,#NE,NÃO ELEITO
2026,GO,90002543560,OSÉIAS VARÃO,PL,,GOIAS QUE CRESCE,676930,676930,#NE,NÃO ELEITO
2026,GO,90002543215,VANDERLAN CARDOSO,PSD,,PARTIDO ISOLADO,633843,633843,#NE,NÃO ELEITO
2026,GO,90002540998,GUSTAVO MENDANHA,PRD,PRD/SOLIDARIEDADE,FEDERAÇÃO,578418,578418,#NE,NÃO ELEITO
2026,GO,90002541455,ISAURA LEMOS,PSB,,GOIÁS PODE MAIS,348290,348290,#NE,NÃO ELEITO
2026,GO,90002541454,CINTIA DIAS,PSOL,PSOL/REDE,GOIÁS PODE MAIS,288637,288637,#NE,NÃO ELEITO
2026,GO,90002545243,ERNESTO ROLLER,PSDB,PSDB/CIDADANIA,GOIÁS DE VERDADE,28927,28927,#NE,NÃO ELEITO
2026,GO,90002545244,IURE CASTRO,CIDADANIA,PSDB/CIDADANIA,GOIÁS DE VERDADE,23714,23714,#NE,NÃO ELEITO
2026,GO,90002551198,GUILHERME DARQUES,UP,,PARTIDO ISOLADO,7147,7147,#NE,NÃO ELEITO
2026,MA,100002542867,FUFUCA,PP,UNIÃO/PP,MARANHÃO DE CARA NOVA,1530187,1530187,#NE,ELEITO
2026,MA,100002548011,LAHESIO BONFIM,NOVO,,PRA TRANSFORMAR O MARANHÃO,1471859,1471859,#NE,ELEITO
2026,MA,100002549583,ROSEANA SARNEY,MDB,,AVANÇO POR TODO MARANHÃO,1171634,1171634,#NE,NÃO ELEITO
2026,MA,100002537338,WEVERTON ROCHA,PDT,,AVANÇO POR TODO MARANHÃO,1086318,1086318,#NE,NÃO ELEITO
2026,MA,100002541459,ELIZIANE GAMA,PT,PT/PC do B/PV,"BRASIL JUSTO, MARANHÃO GRANDE",696298,696298,#NE,NÃO ELEITO
2026,MA,100002537364,CIDÔNIO GONÇALVES,PL,,PARTIDO ISOLADO,602997,602997,#NE,NÃO ELEITO
2026,MA,100002550418,DR.HILTON GONÇALO,MOBILIZA,,TEMPO DE RENOVAÇÃO,458681,458681,#NE,NÃO ELEITO
2026,MA,100002548853,ENILTON RODRIGUES,PSOL,PSOL/REDE,"BRASIL JUSTO, MARANHÃO GRANDE",83949,83949,#NE,NÃO ELEITO
2026,MA,100002553336,SIMPLÍCIO ARAÚJO,DC,,PARTIDO ISOLADO,23995,0,#NE,NÃO ELEITO
2026,MA,100002536212,WILSON LEITE,PSTU,,PARTIDO ISOLADO,10908,10908,#NE,NÃO ELEITO
2026,MA,100002549014,RAIMUNDO MOREIRA,PCB,,PARTIDO ISOLADO,5019,5019,#NE,NÃO ELEITO
2026,MG,130002551786,DOMINGOS SÁVIO,PL,,PARTIDO ISOLADO,4968829,4968829,#NE,ELEITO
2026,MG,130002550560,MARÍLIA CAMPOS,PT,PT/PC do B/PV,PRA MINAS GERAIS VOLTAR A SONHAR ,3990864,3990864,#NE,ELEITO
2026,MG,130002545590,CARLOS VIANA,PSD,,PARTIDO ISOLADO,3583487,3583487,#NE,NÃO ELEITO
2026,MG,130002550557,ÁUREA CAROLINA,PSOL,PSOL/REDE,PRA MINAS GERAIS VOLTAR A SONHAR ,2664763,2664763,#NE,NÃO ELEITO
2026,MG,130002548381,MARCELO ARO,PP,UNIÃO/PP,FEDERAÇÃO,2387973,2387973,#NE,NÃO ELEITO
2026,MG,130002551284,MARCO ANTÔNIO SUPERMAN,NOVO,,PARTIDO ISOLADO,1895603,1895603,#NE,NÃO ELEITO
2026,MG,130002554332,AÉCIO NEVES,PSDB,PSDB/CIDADANIA,CUIDAR DE MINAS ,836595,836595,#NE,NÃO ELEITO
2026,MG,130002552299,MANOEL CARVALHO,MDB,,PARTIDO ISOLADO,43227,43227,#NE,NÃO ELEITO
2026,MG,130002552302,ARCANJO PIMENTA,MDB,,PARTIDO ISOLADO,40714,40714,#NE,NÃO ELEITO
2026,MG,130002552186,CARLIN MOURA,AVANTE,,PARTIDO ISOLADO,35892,35892,#NE,NÃO ELEITO
2026,MG,130002547884,ANA LUIZA DO MLB,UP,,PARTIDO ISOLADO,27620,27620,#NE,NÃO ELEITO
2026,MG,130002551930,VICTÓRIA MELLO VIC,PSTU,,PARTIDO ISOLADO,17444,17444,#NE,NÃO ELEITO
2026,MG,130002551265,JUÍZ RAMON MOREIRA,DC,,PARTIDO ISOLADO,14463,14463,#NE,NÃO ELEITO
2026,MG,130002547882,FIDÉLIS ALCÂNTARA,UP,,PARTIDO ISOLADO,7546,7546,#NE,NÃO ELEITO
2026,MG,130002551929,JORDANO METALÚRGICO,PSTU,,PARTIDO ISOLADO,7282,7282,#NE,NÃO ELEITO
2026,MG,130002552311,TIÃO PESSOA,PCO,,PARTIDO ISOLADO,3184,0,#NE,NÃO ELEITO
2026,MS,120002535764,REINALDO AZAMBUJA,PL,,FAZENDO O FUTURO ACONTECER,903554,903554,#NE,ELEITO
2026,MS,120002535769,CAPITÃO CONTAR,PL,,FAZENDO O FUTURO ACONTECER,856045,856045,#NE,ELEITO
2026,MS,120002547435,VANDER LOUBET,PT,PT/PC do B/PV,POR UM MS DO POVO,361920,361920,#NE,NÃO ELEITO
2026,MS,120002547434,SORAYA,PSB,,POR UM MS DO POVO,340788,340788,#NE,NÃO ELEITO
2026,MS,120002552115,ROBERTO OSHIRO,NOVO,,PARTIDO ISOLADO,103184,103184,#NE,NÃO ELEITO
2026,MS,120002532721,BETO DO MOVIMENTO,PSOL,PSOL/REDE,FEDERAÇÃO,18028,18028,#NE,NÃO ELEITO
2026,MS,120002552183,VALTER DA COMAGRAN,PRD,PRD/SOLIDARIEDADE,FEDERAÇÃO,16396,16396,#NE,NÃO ELEITO
2026,MS,120002551909,LUIZ LEMES,DC,,PARTIDO ISOLADO,4947,4947,#NE,NÃO ELEITO
2026,MS,120002552196,VALDERI GARCIA,PCO,,PARTIDO ISOLADO,3197,3197,#NE,NÃO ELEITO
2026,MT,110002551966,MAURO MENDES,UNIÃO,UNIÃO/PP,MATO GROSSO NAO PODE PARAR I,1187352,1187352,#NE,ELEITO
2026,MT,110002552693,ZÉ MEDEIROS,PL,,CORAÇÃO DA GENTE,977777,977777,#NE,ELEITO
2026,MT,110002552698,JANAINA RIVA,MDB,,CORAÇÃO DA GENTE,519434,519434,#NE,NÃO ELEITO
2026,MT,110002544986,FÁVARO,PSD,,MATO GROSSO PARA TODOS,411020,411020,#NE,NÃO ELEITO
2026,MT,110002544988,PEDRO TAQUES,PSB,,MATO GROSSO PARA TODOS,224621,224621,#NE,NÃO ELEITO
2026,MT,110002540403,GALVAN,AVANTE,,PARTIDO ISOLADO,169265,169265,#NE,NÃO ELEITO
2026,MT,110002551967,MARGARETH BUZETTI,PP,UNIÃO/PP,MATO GROSSO NAO PODE PARAR I,65559,65559,#NE,NÃO ELEITO
2026,MT,110002548042,CORONEL DARWIN,DEMOCRATA,,PARTIDO ISOLADO,12819,12819,#NE,NÃO ELEITO
2026,MT,110002553701,PROFESSOR NELSON FERREIRA,AGIR,,PARTIDO ISOLADO,5563,5563,#NE,NÃO ELEITO
2026,MT,110002553706,BENY GODOY,AGIR,,PARTIDO ISOLADO,1854,1854,#NE,NÃO ELEITO
2026,PA,140002550779,HELDER,MDB,,O PARÁ TÁ JUNTO,2342070,2342070,#NE,ELEITO
2026,PA,140002550780,CHICÃO,UNIÃO,UNIÃO/PP,O PARÁ TÁ JUNTO,2014409,2014409,#NE,ELEITO
2026,PA,140002544855,DELEGADO ÉDER MAURO,PL,,PARTIDO ISOLADO,1997768,1997768,#NE,NÃO ELEITO
2026,PA,140002542691,ZEQUINHA MARINHO,PODE,,PARTIDO ISOLADO,1889653,1889653,#NE,NÃO ELEITO
2026,PA,140002538404,CELSO SABINO,PDT,,PARTIDO ISOLADO,526994,526994,#NE,NÃO ELEITO
2026,PA,140002545671,GIZELLE FREITAS,PSOL,PSOL/REDE,FEDERAÇÃO,85760,85760,#NE,NÃO ELEITO
2026,PA,140002553952,LIVIA NORONHA,SOLIDARIEDADE,PRD/SOLIDARIEDADE,FEDERAÇÃO,39864,39864,#NE,NÃO ELEITO
2026,PA,140002545674,CONTI,PSOL,PSOL/REDE,FEDERAÇÃO,35138,35138,#NE,NÃO ELEITO
2026,PA,140002548387,FERNANDA LOPES,UP,,PARTIDO ISOLADO,13359,13359,#NE,NÃO ELEITO
2026,PA,140002554209,CORONEL JONILDO,DC,,PARTIDO ISOLADO,12547,12547,#NE,NÃO ELEITO
2026,PA,140002548150,EDLAINE RODRIGUES,DEMOCRATA,,PARTIDO ISOLADO,8766,0,#NE,NÃO ELEITO
2026,PA,140002553852,BRENO GUIMARÃES,MOBILIZA,,PARTIDO ISOLADO,7047,0,#NE,NÃO ELEITO
2026,PB,150002549793,JOAO AZEVÊDO,PSB,,COLIGAÇÃO DAQUI PRA MELHOR,1391994,1391994,#NE,ELEITO
2026,PB,150002544905,VENEZIANO,MDB,,JUNTOS PARA A PARAÍBA DAR O PRÓXIMO PASSO,974550,974550,#NE,ELEITO
2026,PB,150002549791,NABOR,REPUBLICANOS,,COLIGAÇÃO DAQUI PRA MELHOR,895398,895398,#NE,NÃO ELEITO
2026,PB,150002538459,DR. MARCELO QUEIROGA,PL,,PARTIDO ISOLADO,533723,533723,#NE,NÃO ELEITO
2026,PB,150002548968,MAJOR FÁBIO,NOVO,,PARTIDO ISOLADO,329160,329160,#NE,NÃO ELEITO
2026,PB,150002544909,ANDRÉ GADELHA,MDB,,JUNTOS PARA A PARAÍBA DAR O PRÓXIMO PASSO,121172,121172,#NE,NÃO ELEITO
2026,PB,150002544135,ROSILENE SANTANA,UP,,PARTIDO ISOLADO,21471,21471,#NE,NÃO ELEITO
2026,PB,150002548971,RINALDO JÚNIOR,DC,,PARTIDO ISOLADO,8519,8519,#NE,NÃO ELEITO
2026,PB,150002544140,JOÃO BATISTA,UP,,PARTIDO ISOLADO,4099,4099,#NE,NÃO ELEITO
2026,PB,150002552607,ADRIANO TRAJANO,PCO,,PARTIDO ISOLADO,2676,2676,#NE,NÃO ELEITO
2026,PE,170002547773,HUMBERTO COSTA,PT,PT/PC do B/PV,FRENTE POPULAR DE PERNAMBUCO,2531389,2531389,#NE,ELEITO
2026,PE,170002547771,MARÍLIA ARRAES,PDT,,FRENTE POPULAR DE PERNAMBUCO,2325127,2325127,#NE,ELEITO
2026,PE,170002539456,MENDONÇA FILHO,PL,,PARTIDO ISOLADO,1728587,1728587,#NE,NÃO ELEITO
2026,PE,170002552102,EDUARDO DA FONTE,PP,UNIÃO/PP,PERNAMBUCO DE CORAÇÃO,1289058,1289058,#NE,NÃO ELEITO
2026,PE,170002530097,CARLOS SANT ANNA,NOVO,,PARTIDO ISOLADO,698316,698316,#NE,NÃO ELEITO
2026,PE,170002552097,TÚLIO GADÊLHA,PSD,,PERNAMBUCO DE CORAÇÃO,671975,671975,#NE,NÃO ELEITO
2026,PE,170002549655,PAULO RUBEM SANTIAGO,REDE,PSOL/REDE,FRENTE PERNAMBUCO DE LUTA,34062,34062,#NE,NÃO ELEITO
2026,PE,170002540420,PASTOR GILVAN COSTA,DEMOCRATA,,PARTIDO ISOLADO,18179,0,#NE,NÃO ELEITO
2026,PE,170002537335,GORETT BITU,UP,,PARTIDO ISOLADO,6945,6945,#NE,NÃO ELEITO
2026,PE,170002537334,SAMUEL TIMOTEO,UP,,PARTIDO ISOLADO,3744,3744,#NE,NÃO ELEITO
2026,PE,170002537418,MARIANO MACEDO,PSTU,,PARTIDO ISOLADO,2417,2417,#NE,NÃO ELEITO
2026,PE,170002552943,MAILSON DA SILVA NETO,PCO,,PARTIDO ISOLADO,1158,1158,#NE,NÃO ELEITO
2026,PI,180002533967,MARCELO CASTRO,MDB,,A FORÇA DO POVO,1307833,1307833,#NE,ELEITO
2026,PI,180002533964,JÚLIO CÉSAR O JULIM DO LULA,PSD,,A FORÇA DO POVO,989146,989146,#NE,ELEITO
2026,PI,180002540446,CIRO NOGUEIRA,PP,UNIÃO/PP,JUNTOS PELO PIAUÍ,904961,904961,#NE,NÃO ELEITO
2026,PI,180002540449,TIAGO JUNQUEIRA,PL,,JUNTOS PELO PIAUÍ,324530,324530,#NE,NÃO ELEITO
2026,PI,180002549933,ANTÔNIO BARROS,NOVO,,A FORÇA DA FÉ,38544,38544,#NE,NÃO ELEITO
2026,PI,180002550977,MARIA MADALENA NUNES,PSOL,PSOL/REDE,FEDERAÇÃO,27015,27015,#NE,NÃO ELEITO
2026,PI,180002549936,ANTÔNIO JOSÉ LIRA,AVANTE,,A FORÇA DA FÉ,22408,22408,#NE,NÃO ELEITO
2026,PI,180002550979,FRANCINALDO LEÃO,PSOL,PSOL/REDE,FEDERAÇÃO,11429,11429,#NE,NÃO ELEITO
2026,PI,180002548568,JORGE LOPES,PSDB,PSDB/CIDADANIA,FEDERAÇÃO,9174,9174,#NE,NÃO ELEITO
2026,PI,180002547863,DIONISIO CARVALHO,DC,,PARTIDO ISOLADO,7832,0,#NE,NÃO ELEITO
2026,PI,180002548155,JARDENYA BEZERRA,DEMOCRATA,,PARTIDO ISOLADO,6476,0,#NE,NÃO ELEITO
2026,PI,180002547860,IRMÃO EVANDRO MARQUES,DC,,PARTIDO ISOLADO,6279,0,#NE,NÃO ELEITO
2026,PI,180002541938,PEDRO LAURENTINO,UP,,PARTIDO ISOLADO,5909,5909,#NE,NÃO ELEITO
2026,PI,180002537340,DANNIEL ROCHA,PSTU,,PARTIDO ISOLADO,2790,0,#NE,NÃO ELEITO
2026,PI,180002548157,MISSIONÁRIO EVANDRO CRAVEIRO,DEMOCRATA,,PARTIDO ISOLADO,1513,0,#NE,NÃO ELEITO
2026,PI,180002553753,CLOVES JOSÉ,PCO,,PARTIDO ISOLADO,634,0,#NE,NÃO ELEITO
2026,PR,160002547660,FILIPE BARROS,PL,,FORTALEZA DO PARANÁ,3148583,3148583,#NE,ELEITO
2026,PR,160002547661,DELTAN DALLAGNOL,NOVO,,FORTALEZA DO PARANÁ,2904594,2904594,#NE,ELEITO
2026,PR,160002547963,ALEXANDRE CURI,REPUBLICANOS,,COLIGAÇÃO A MUDANÇA CONTINUA,1947135,1947135,#NE,NÃO ELEITO
2026,PR,160002547656,GLEISI,PT,PT/PC do B/PV,PARANÁ PARA TODOS,1542636,1542636,#NE,NÃO ELEITO
2026,PR,160002547658,DR ROSINHA,PT,PT/PC do B/PV,PARANÁ PARA TODOS,1154143,1154143,#NE,NÃO ELEITO
2026,PR,160002549555,CRISTINA GRAEML,PSD,,COLIGAÇÃO A MUDANÇA CONTINUA,737893,737893,#NE,NÃO ELEITO
2026,PR,160002551121,KAREN GUERREIRO,MISSÃO,,PARTIDO ISOLADO,93198,93198,#NE,NÃO ELEITO
2026,PR,160002551043,JOAQUIM DO MLB,UP,,PARTIDO ISOLADO,15457,15457,#NE,NÃO ELEITO
2026,PR,160002552563,MARCELO MARCELINO,PCO,,PARTIDO ISOLADO,9194,0,#NE,NÃO ELEITO
2026,RJ,190002535142,CARLOS PORTINHO,PL,,PARTIDO ISOLADO,4264932,4264932,#NE,ELEITO
2026,RJ,190002542888,CARLOS JORDY,PL,,PARTIDO ISOLADO,3912405,3912405,#NE,ELEITO
2026,RJ,190002548141,BENEDITA DA SILVA,PT,PT/PC do B/PV,JUNTOS PARA MUDAR CORAGEM PARA RECONSTRUIR,3220765,3220765,#NE,NÃO ELEITO
2026,RJ,190002548145,PEDRO PAULO,PSD,,JUNTOS PARA MUDAR CORAGEM PARA RECONSTRUIR,1904352,1904352,#NE,NÃO ELEITO
2026,RJ,190002536164,MONICA BENICIO,PSOL,PSOL/REDE,FEDERAÇÃO,1538444,1538444,#NE,NÃO ELEITO
2026,RJ,190002550184,MARCELO CRIVELLA,REPUBLICANOS,,PARTIDO ISOLADO,539598,539598,#NE,NÃO ELEITO
2026,RJ,190002545553,MARCOS DIAS,PODE,,PARTIDO ISOLADO,194605,194605,#NE,NÃO ELEITO
2026,RJ,190002543961,HELIO SECCO,MISSÃO,,PARTIDO ISOLADO,131065,131065,#NE,NÃO ELEITO
2026,RJ,190002550182,WAGUINHO,REPUBLICANOS,,PARTIDO ISOLADO,116453,116453,#NE,NÃO ELEITO
2026,RJ,190002548589,MICHELLY XAVIER,UP,,PARTIDO ISOLADO,31492,31492,#NE,NÃO ELEITO
2026,RJ,190002539827,PAULA FALCÃO,PSTU,,PARTIDO ISOLADO,27631,27631,#NE,NÃO ELEITO
2026,RJ,190002552083,LUCIANO MATTOS,PRTB,,PARTIDO ISOLADO,23911,23911,#NE,NÃO ELEITO
2026,RJ,190002550190,Ó CLEMENTE,DEMOCRATA,,PARTIDO ISOLADO,9176,9176,#NE,NÃO ELEITO
2026,RJ,190002548590,VINICIUS BENEVIDES,UP,,PARTIDO ISOLADO,8828,8828,#NE,NÃO ELEITO
2026,RJ,190002552521,LUIZ EUGENIO,PCO,,PARTIDO ISOLADO,5825,0,#NE,NÃO ELEITO
2026,RN,200002534448,STYVENSON VALENTIM,PODE,,ENDIREITA RN,1055000,1055000,#NE,ELEITO
2026,RN,200002533841,SAMANDA DE LULA,PT,PT/PC do B/PV,TIME QUE CUIDA,635924,635924,#NE,ELEITO
2026,RN,200002535507,ZENAIDE MAIA,PSD,,ESPERANÇA E TRABALHO,630159,630159,#NE,NÃO ELEITO
2026,RN,200002534447,CORONEL HÉLIO,PL,,ENDIREITA RN,620354,620354,#NE,NÃO ELEITO
2026,RN,200002533843,RAFAEL MOTTA,PDT,,TIME QUE CUIDA,510674,510674,#NE,NÃO ELEITO
2026,RN,200002535511,TÉRCIO TINÔCO,UNIÃO,UNIÃO/PP,ESPERANÇA E TRABALHO,102834,102834,#NE,NÃO ELEITO
2026,RN,200002546792,SANDRO PIMENTEL,PSOL,PSOL/REDE,FEDERAÇÃO,22237,22237,#NE,NÃO ELEITO
2026,RN,200002546795,SONIA GODEIRO,PSOL,PSOL/REDE,FEDERAÇÃO,14338,14338,#NE,NÃO ELEITO
2026,RN,200002550541,PROFESSOR GUILHERME,UP,,PARTIDO ISOLADO,5511,5511,#NE,NÃO ELEITO
2026,RN,200002542483,ROSÁLIA FERNANDES,PSTU,,PARTIDO ISOLADO,3795,3795,#NE,NÃO ELEITO
2026,RN,200002542484,LUCIANA MANDU,PSTU,,PARTIDO ISOLADO,2486,2486,#NE,NÃO ELEITO
2026,RN,200002548115,CLÓVIS COSTA DO COLETIVO NÓS,AGIR,,PARTIDO ISOLADO,1796,1796,#NE,NÃO ELEITO
2026,RN,200002549133,GARI WENDELL BATISTA,AGIR,,PARTIDO ISOLADO,1698,1698,#NE,NÃO ELEITO
2026,RO,220002539996,DR. FERNANDO MÁXIMO,PL,,JUNTOS POR RONDONIA,570799,570799,#NE,ELEITO
2026,RO,220002539995,BRUNO SCHEID,PL,,JUNTOS POR RONDONIA,474226,474226,#NE,ELEITO
2026,RO,220002547309,SÍLVIA CRISTINA,PP,UNIÃO/PP,RONDONIA COM A FORÇA DO TRABALHO E DA UNIÃO,304061,304061,#NE,NÃO ELEITO
2026,RO,220002547310,MARIANA CARVALHO,REPUBLICANOS,,RONDONIA COM A FORÇA DO TRABALHO E DA UNIÃO,207398,207398,#NE,NÃO ELEITO
2026,RO,220002551948,LUCIANA OLIVEIRA,PT,PT/PC do B/PV,FEDERAÇÃO,96391,96391,#NE,NÃO ELEITO
2026,RO,220002541490,ACIR GURGACZ,PDT,,"EXPERIÊNCIA, FÉ E AUTORIDADE: RONDÔNIA FORTE DE VERDADE",72490,72490,#NE,NÃO ELEITO
2026,RO,220002550928,NEIDINHA,PSB,,PARTIDO ISOLADO,25316,0,#NE,NÃO ELEITO
2026,RO,220002539771,LUIS FERNANDO,PSD,,GENTE QUE GOSTA DE GENTE,23737,23737,#NE,NÃO ELEITO
2026,RO,220002541944,ENGENHEIRO THULIO,MISSÃO,,PARTIDO ISOLADO,7594,7594,#NE,NÃO ELEITO
2026,RO,220002551946,AIRES MOTA,PV,PT/PC do B/PV,FEDERAÇÃO,3202,3202,#NE,NÃO ELEITO
2026,RR,230002534804,NICOLETTI,PL,,PARTIDO ISOLADO,138269,138269,#NE,ELEITO
2026,RR,230002553006,TERESA SURITA,MDB,,RORAIMA EM PRIMEIRO LUGAR,117270,117270,#NE,ELEITO
2026,RR,230002549845,HELENA DA ASATUR,PSD,,RORAIMA SEGUE EM FRENTE,106652,106652,#NE,NÃO ELEITO
2026,RR,230002550794,CHICO RODRIGUES,PSB,,RORAIMA MAIS FORTE,81845,81845,#NE,NÃO ELEITO
2026,RR,230002534806,HELIO FERNANDO BARBOSA LOPES,PL,,PARTIDO ISOLADO,79038,79038,#NE,NÃO ELEITO
2026,RR,230002549330,REGINA TIO IVO,NOVO,,PARTIDO ISOLADO,45367,45367,#NE,NÃO ELEITO
2026,RR,230002553010,PASTOR ISAMAR,UNIÃO,UNIÃO/PP,RORAIMA SEGUE EM FRENTE,18046,18046,#NE,NÃO ELEITO
2026,RR,230002549361,BARTÔ MACUXI,PSOL,PSOL/REDE,FEDERAÇÃO,9846,9846,#NE,NÃO ELEITO
2026,RR,230002550787,HILTON XAVIER,AVANTE,,ENDIREITA RORAIMA,4736,4736,#NE,NÃO ELEITO
2026,RR,230002553636,MÁRCIO JUNQUEIRA,PSDB,PSDB/CIDADANIA,RORAIMA MAIS FORTE,3806,0,#NE,NÃO ELEITO
2026,RR,230002552727,HIPERION DE OLIVEIRA,PV,PT/PC do B/PV,FEDERAÇÃO,2442,0,#NE,NÃO ELEITO
2026,RR,230002549360,MARIO ROCHA,PSOL,PSOL/REDE,FEDERAÇÃO,1453,1453,#NE,NÃO ELEITO
2026,RR,230002533586,ROGÉRIO MIRANDA,DC,,PARTIDO ISOLADO,843,843,#NE,NÃO ELEITO
2026,RS,210002547816,SANDERSON,PL,,O RIO GRANDE PODE MAIS,3453316,3453316,#NE,ELEITO
2026,RS,210002547819,MARCEL VAN HATTEM,NOVO,,O RIO GRANDE PODE MAIS,3449053,3449053,#NE,ELEITO
2026,RS,210002533581,MANUELA D ÁVILA,PSOL,PSOL/REDE,COLIGAÇÃO COM O POVO,1957697,1957697,#NE,NÃO ELEITO
2026,RS,210002533584,PIMENTA,PT,PT/PC do B/PV,COLIGAÇÃO COM O POVO,1870301,1870301,#NE,NÃO ELEITO
2026,RS,210002543863,RIGOTTO,MDB,,NOSSO RIO GRANDE NÃO PARA,420722,420722,#NE,NÃO ELEITO
2026,RS,210002543865,FREDERICO ANTUNES,PSD,,NOSSO RIO GRANDE NÃO PARA,223643,223643,#NE,NÃO ELEITO
2026,RS,210002544698,DANIELA MULHERES SOCIALISTAS,PSTU,,PARTIDO ISOLADO,26844,26844,#NE,NÃO ELEITO
2026,RS,210002538467,MILTON CARDOSO,PSDB,PSDB/CIDADANIA,FEDERAÇÃO,25937,25937,#NE,NÃO ELEITO
2026,RS,210002538465,RENATO JAGUARÃO,CIDADANIA,PSDB/CIDADANIA,FEDERAÇÃO,16428,16428,#NE,NÃO ELEITO
2026,RS,210002533434,TANIA PERES,UP,,PARTIDO ISOLADO,12192,12192,#NE,NÃO ELEITO
2026,RS,210002533435,LUCIANO DO MLB,UP,,PARTIDO ISOLADO,5658,5658,#NE,NÃO ELEITO
2026,RS,210002544699,REGIS ETHUR,PSTU,,PARTIDO ISOLADO,3991,3991,#NE,NÃO ELEITO
2026,RS,210002552599,RIC JONES,PCO,,PARTIDO ISOLADO,2310,0,#NE,NÃO ELEITO
2026,SC,240002541931,CAROL DE TONI,PL,,FÉ NO TRABALHO E PÉ NA TÁBUA,2694918,2694918,#NE,ELEITO
2026,SC,240002541935,CARLOS BOLSONARO,PL,,FÉ NO TRABALHO E PÉ NA TÁBUA,2041840,2041840,#NE,ELEITO
2026,SC,240002548632,ESPERIDIÃO AMIN,PP,UNIÃO/PP,SANTA CATARINA ACIMA DE TUDO,1233034,1233034,#NE,NÃO ELEITO
2026,SC,240002533898,DÉCIO LIMA,PT,PT/PC do B/PV,CORAGEM PARA MUDAR,823200,823200,#NE,NÃO ELEITO
2026,SC,240002535770,AFRÂNIO BOPPRÉ,PSOL,PSOL/REDE,CORAGEM PARA MUDAR,657451,657451,#NE,NÃO ELEITO
2026,SC,240002548630,LUNELLI,MDB,,SANTA CATARINA ACIMA DE TUDO,482413,482413,#NE,NÃO ELEITO
2026,SC,240002544094,TÚLIO DE AMORIM PFUETZENREITER,MISSÃO,,PARTIDO ISOLADO,59365,59365,#NE,NÃO ELEITO
2026,SC,240002539636,ANA LUCIA DA SILVEIRA MACHADO,UP,,PARTIDO ISOLADO,17200,17200,#NE,NÃO ELEITO
2026,SC,240002551377,JEFERSON ROCHA,PRD,PRD/SOLIDARIEDADE,FEDERAÇÃO,14060,14060,#NE,NÃO ELEITO
2026,SC,240002553005,CAROL,PCO,,PARTIDO ISOLADO,11975,0,#NE,NÃO ELEITO
2026,SC,240002550218,MARLENE SOCCAS,UP,,PARTIDO ISOLADO,7740,7740,#NE,NÃO ELEITO
2026,SC,240002537632,JOANINHA DE OLIVEIRA,PSTU,,PARTIDO ISOLADO,6228,6228,#NE,NÃO ELEITO
2026,SC,240002537630,MARCOS DORVAL,PSTU,,PARTIDO ISOLADO,3651,3651,#NE,NÃO ELEITO
2026,SE,260002547285,ROGERIO CARVALHO,PT,PT/PC do B/PV,SERGIPE CRESCE COM VOCÊ,511142,511142,#NE,ELEITO
2026,SE,260002533084,DELEGADO ALESSANDRO,MDB,,PARTIDO ISOLADO,399775,399775,#NE,ELEITO
2026,SE,260002549130,DELEGADO ANDRÉ DAVID,REPUBLICANOS,,MUDA SERGIPE COM A FORÇA DO POVO,378710,378710,#NE,NÃO ELEITO
2026,SE,260002547290,ANDRÉ MOURA,UNIÃO,UNIÃO/PP,SERGIPE CRESCE COM VOCÊ,377669,377669,#NE,NÃO ELEITO
2026,SE,260002549127,EDUARDO AMORIM,REPUBLICANOS,,MUDA SERGIPE COM A FORÇA DO POVO,222727,222727,#NE,NÃO ELEITO
2026,SE,260002551550,EDVALDO,PDT,,PARTIDO ISOLADO,187491,187491,#NE,NÃO ELEITO
2026,SE,260002551362,RODRIGO VALADARES,PL,,FÉ E CORAGEM PRA MUDAR,129356,129356,#NE,NÃO ELEITO
2026,SE,260002545677,IRAN BARBOSA,PSOL,PSOL/REDE,FEDERAÇÃO,78400,0,#NE,NÃO ELEITO
2026,SE,260002551366,CORONEL ROCHA,PL,,FÉ E CORAGEM PRA MUDAR,40372,40372,#NE,NÃO ELEITO
2026,SE,260002543591,RENATINHA,DC,,PARTIDO ISOLADO,7527,7527,#NE,NÃO ELEITO
2026,SP,250002541312,GUILHERME DERRITE,PP,UNIÃO/PP,CORAGEM PARA SEGUIR AVANÇANDO,13273880,13273880,#NE,ELEITO
2026,SP,250002541308,ANDRÉ DO PRADO,PL,,CORAGEM PARA SEGUIR AVANÇANDO,12703089,12703089,#NE,ELEITO
2026,SP,250002551502,SIMONE TEBET,PSB,,DESPERTA SÃO PAULO,8342968,8342968,#NE,NÃO ELEITO
2026,SP,250002551501,MARINA SILVA,REDE,PSOL/REDE,DESPERTA SÃO PAULO,7862400,7862400,#NE,NÃO ELEITO
2026,SP,250002554075,GUTO SCHIAVETTO,MISSÃO,,PARTIDO ISOLADO,392916,392916,#NE,NÃO ELEITO
2026,SP,250002544673,GERALDO RUFINO,PODE,,PARTIDO ISOLADO,386468,386468,#NE,NÃO ELEITO
2026,SP,250002552369,SONINHA FRANCINE,CIDADANIA,PSDB/CIDADANIA,FEDERAÇÃO,165707,165707,#NE,NÃO ELEITO
2026,SP,250002544516,MAÍRA DE SOUZA,UP,,PARTIDO ISOLADO,91283,91283,#NE,NÃO ELEITO
2026,SP,250002541362,DRA ELIANA FERREIRA,PSTU,,PARTIDO ISOLADO,65200,65200,#NE,NÃO ELEITO
2026,SP,250002544514,MARCIO ALVES,UP,,PARTIDO ISOLADO,45178,45178,#NE,NÃO ELEITO
2026,SP,250002552153,PETTER MAAHS,PCB,,PARTIDO ISOLADO,28311,28311,#NE,NÃO ELEITO
2026,SP,250002541365,WELLER GONÇALVES,PSTU,,PARTIDO ISOLADO,20503,20503,#NE,NÃO ELEITO
2026,SP,250002553252,WILLIAM TEIXEIRA,AGIR,,PARTIDO ISOLADO,8732,0,#NE,NÃO ELEITO
2026,TO,270002546333,EDUARDO GOMES,PL,,PARTIDO ISOLADO,450191,450191,#NE,ELEITO
2026,TO,270002548344,ALEXANDRE GUIMARÃES,MDB,,PRA CIMA TOCANTINS,316786,316786,#NE,ELEITO
2026,TO,270002548409,ELI BORGES,REPUBLICANOS,,PARTIDO ISOLADO,271829,271829,#NE,NÃO ELEITO
2026,TO,270002548231,GAGUIM,UNIÃO,UNIÃO/PP,FEDERAÇÃO,255548,255548,#NE,NÃO ELEITO
2026,TO,270002544629,PAULO MOURÃO,PT,PT/PC do B/PV,PRA FRENTE TOCANTINS,129838,129838,#NE,NÃO ELEITO
2026,TO,270002546038,RONALDO DIMAS,PODE,,PARTIDO ISOLADO,93009,93009,#NE,NÃO ELEITO
2026,TO,270002546039,VANDERLEI LUXEMBURGO,PODE,,PARTIDO ISOLADO,67987,67987,#NE,NÃO ELEITO
2026,TO,270002539142,PROFESSOR OSVALDO,PSOL,PSOL/REDE,FEDERAÇÃO,35722,35722,#NE,NÃO ELEITO
2026,TO,270002550610,CORONEL NILTON SANTOS,NOVO,,PARTIDO ISOLADO,14558,14558,#NE,NÃO ELEITO
2026,TO,270002539141,FÁBIO RIBEIRO,REDE,PSOL/REDE,FEDERAÇÃO,7802,7802,#NE,NÃO ELEITO
2026,TO,270002551273,OSVANY LUZ,DEMOCRATA,,PARTIDO ISOLADO,4943,4943,#NE,NÃO ELEITO
2026,TO,270002551270,HELIO RODRIGUES BOLSONARO,DEMOCRATA,,PARTIDO ISOLADO,3254,0,#NE,NÃO ELEITO
2026,TO,270002552968,APÓSTOLO FLAVIO BRAGA,DC,,PARTIDO ISOLADO,2198,2198,#NE,NÃO ELEITO
