ano,turno,instituto,campo_fim,amostra,pt,rival,base,obs
2022,1,Datafolha,2022-10-01,12800,48,34,total,"Wikipedia (en) via WebFetch, nao conferido no PDF/TSE"
2022,1,Quaest,2022-09-27,2000,46,33,total,"idem"
2022,1,AtlasIntel,2022-09-28,4500,49.3,39.9,total,"idem"
2022,2,Datafolha,2022-10-29,8308,49,45,total,"idem"
2022,2,Quaest,2022-10-29,2000,45,42,total,"idem"
2022,2,AtlasIntel,2022-10-29,7500,52.4,45.7,total,"idem"
2022,1,ParanaPesquisas,2022-09-29,2020,47.1,40,validos,"Divulgada 30/09/2022, registro TSE BR-07917/2022. Poder360/CNN Brasil via WebSearch, nao conferido no PDF/TSE"
2022,1,CNT_MDA,2022-09-30,2002,48.3,39.7,validos,"Divulgada 01/10/2022, registro TSE BR-02944/2022. Poder360/Congresso em Foco via WebSearch, nao conferido no PDF/TSE"
2022,2,ParanaPesquisas,2022-10-28,2400,50.4,49.6,validos,"Divulgada 29/10/2022, registro TSE BR-09573/2022 (total: 47.1 x 46.3). CNN Brasil/Metropoles via WebSearch, nao conferido no PDF/TSE. Foi a mais proxima do resultado real no 2o turno (0,5 p.p. de diferenca)"
2022,2,CNT_MDA,2022-10-28,2002,51.1,48.9,validos,"Divulgada 29/10/2022, registro TSE BR-01820/2022 (total: 46.9 x 44.9). Folha Vitoria/Poder360 via WebSearch, nao conferido no PDF/TSE"
2018,1,Datafolha,2018-10-04,19552,22,36,validos,"Wikipedia (en) via WebFetch; base duvidosa (Datafolha divulgou total), irrelevante na parcela de dois"
2018,1,RealTimeBigData,2018-10-04,10000,24,34,validos,"idem; nao conferido"
2018,2,Datafolha,2018-10-27,18371,45,55,validos,"Poder360 via WebSearch: Bolsonaro 55 x Haddad 45 nos validos"
2002,1,Datafolha,2002-10-02,,45,21,total,"Terra via WebSearch: Datafolha 2/10/2002 Lula 45 x Serra 21; amostra nao localizada; nao conferido"
